ID,Name,Maker,Category,Sub_Category,Sub_Sub_Category,Sub_Sub_Sub_Category,Cost,Volume(ml),Alcohol_By_Volume,Aroma,Color,Deposit,Origin,Region,Quantity
792327,10.106 SALTED LEMON SHERBET,NOSEWORTHY IMPORTS LTD.,SPIRITS,WHISKY,SCOTCH,SINGLE MALT,95.79,750.0,60.1,,,Null,UNITED KINGDOM,SCOTLAND,1.0
797700,10.125 CHARRED STICKS IN A HONEY POT,NOSEWORTHY IMPORTS LTD.,SPIRITS,WHISKY,SCOTCH,SINGLE MALT,97.42,750.0,61.1,,,Null,UNITED KINGDOM,SCOTLAND,2.0
1146209,2017 COSTCO CALENDAR,CRAFT BEER IMPORTERS CANADA INC.,BEER,BEER,,,88.69,473.0,5.14,,,Null,CANADA,BRITISH COLUMBIA,1.0
749482,3 FONTEINEN - OUDE GEUZE,CRAFT BEER IMPORTERS CANADA INC.,BEER,BEER,nan,nan,11.7,375.0,6.0,nan,nan,Null,BELGIUM,nan,1
794724,SHIPYARD EXPORT ALE,CRAFT BEER IMPORTERS CANADA INC.,BEER,BEER,nan,nan,2.53,355.0,5.1,nan,nan,Null,UNITED STATES,MAINE,1
