ID,Name,Maker,Category,Sub_Category,Sub_Sub_Category,Sub_Sub_Sub_Category,Cost,Volume(ml),Alcohol_By_Volume,Aroma,Color,Deposit,Origin,Region
699389,MAGNERS ORIGINAL IRISH CIDER,LIQUID ART & SUPPLY CO. LTD.,CIDER,,,,10.54,500,4.5,,,0.4,IRELAND,
358218,MAGNERS PEAR IRISH CIDER,LIQUID ART & SUPPLY CO. LTD.,CIDER,,,,10.31,500,4.5,,,0.4,IRELAND,
776461,2 TOWNS CIDERHOUSE BRIGHT CIDER,ALLEN BRANDS INC.,CIDER,,,,8.15,355,6,,,0.4,UNITED STATES,OREGON
777429,2 TOWNS CIDERHOUSE CHERRIED AWAY,ALLEN BRANDS INC.,CIDER,,,,5.43,500,6,,,0.1,UNITED STATES,OREGON
776462,2 TOWNS CIDERHOUSE OUTCIDER,ALLEN BRANDS INC.,CIDER,,,,8.15,355,6,,,0.4,UNITED STATES,OREGON
777222,ACE PINEAPPLE HARD CIDER,UNITED DISTRIBUTORS,CIDER,,,,17.85,355,5,,,0.6,UNITED STATES,CALIFORNIA
777215,ACE PUMPKIN CIDER,UNITED DISTRIBUTORS,CIDER,,,,17.85,355,5,,,0.6,UNITED STATES,CALIFORNIA
764812,ANGRY ORCHARD CRISP APPLE,MOOSEHEAD BREWERIES LIMITED,CIDER,,,,12.81,355,5,,,0.6,UNITED STATES,MASSACHUSETTS
795387,ANGRY ORCHARD CRISP APPLE 473ML CAN,MOOSEHEAD BREWERIES LIMITED,CIDER,,,,2.88,473,5,,,0.1,UNITED STATES,NEW YORK
765352,ANGRY ORCHARD CRISP APPLE CIDER,MOOSEHEAD BREWERIES LIMITED,CIDER,,,,106.42,19500,5,,,0,UNITED STATES,MASSACHUSETTS
766822,ANGRY ORCHARD ICEMAN,MOOSEHEAD BREWERIES LIMITED,CIDER,,,,14.1,750,10,,,0.1,UNITED STATES,MASSACHUSETTS
766823,ANGRY ORCHARD MUSE,MOOSEHEAD BREWERIES LIMITED,CIDER,,,,11.97,750,7.7,,,0.1,UNITED STATES,MASSACHUSETTS
766821,ANGRY ORCHARD STRAWMAN,MOOSEHEAD BREWERIES LIMITED,CIDER,,,,14.1,750,10,,,0.1,UNITED STATES,MASSACHUSETTS
790865,ARTISAN PEAR CIDER BRITTANY,NOBILIS WINE IMPORTERS LTD.,CIDER,,,,9.9,750,4,,,0.1,FRANCE,OTHER (FRENCH)
795527,AVALANCHE RECOLTE HIVERNALE,HAUS WINES,CIDER,,,,26.99,200,11.5,,,0.1,CANADA,QUEBEC
762020,BORDELET BRUT,CRIMSON IMPORTS,CIDER,,,,9.98,750,6.5,,,0.1,FRANCE,OTHER (FRENCH)
1115404,BORDELET BRUT TENDRE,CRIMSON IMPORTS,CIDER,,,,12.19,750,4,,,0.1,FRANCE,OTHER (FRENCH)
789089,BRICKWORKS CIDERHOUSE BATCH 1904 50L KEG,LABATT ALBERTA BREWERY,CIDER,,,,284.15,50000,5,,,30,CANADA,ONTARIO
889782,BROKEN LADDER APPLE CIDER,APPELLATION WINE MARKETING LTD.,CIDER,,,,11.49,473,5.2,,,0.4,CANADA,BRITISH COLUMBIA
780978,BROKEN LADDER APPLE CIDER KEG,APPELLATION WINE MARKETING LTD.,CIDER,,,,109.99,20000,5.2,,,0.25,CANADA,BRITISH COLUMBIA
42382,BROKEN LADDER APPLES AND HOPS CIDER,APPELLATION WINE MARKETING LTD.,CIDER,,,,11.49,473,6,,,0.4,CANADA,BRITISH COLUMBIA
791806,BROKEN LADDER PEARS AND PEACHES CIDER,APPELLATION WINE MARKETING LTD.,CIDER,,,,11.49,473,4.3,,,0.4,CANADA,BRITISH COLUMBIA
793988,BULWARK 7 SHORES PEACH VANILLA BEAN,CRAFT BEER IMPORTERS CANADA INC.,CIDER,,,,5.1,500,4.8,,,0.1,CANADA,NOVA SCOTIA
793989,BULWARK 7 SHORES STRAWBERRY LIME,CRAFT BEER IMPORTERS CANADA INC.,CIDER,,,,1.56,500,4.8,,,0.1,CANADA,NOVA SCOTIA
766181,BULWARK BLUSH CIDER,CRAFT BEER IMPORTERS CANADA INC.,CIDER,,,,5.69,500,4.5,,,0.1,CANADA,NOVA SCOTIA
767168,BULWARK BLUSH CIDER 30L KEG,CRAFT BEER IMPORTERS CANADA INC.,CIDER,,,,234.45,30000,4.5,,,0.25,CANADA,NOVA SCOTIA
755053,BULWARK ORIGINAL CRAFT CIDER,CRAFT BEER IMPORTERS CANADA INC.,CIDER,,,,5.69,500,5.8,,,0.1,CANADA,NOVA SCOTIA
767144,BULWARK ORIGINAL CRAFT CIDER,CRAFT BEER IMPORTERS CANADA INC.,CIDER,,,,227.1,30000,5.8,,,0.25,CANADA,NOVA SCOTIA
1135317,CECILLON NERIOS CIDRE,CRIMSON IMPORTS,CIDER,,,,14.37,750,7.5,,,0.1,FRANCE,OTHER (FRENCH)
548099,CENTRAL CITY LIMITED ED IMPERIAL CIDER,CENTRAL CITY BREWERS & DISTILLERS LTD.,CIDER,,,,12.79,750,10.9,,,0.1,CANADA,BRITISH COLUMBIA
69153,CIDER RIOT! EVERYBODY POGO,COPPER AND THEORY ARTISAN BEER SUPPLY,CIDER,,,,7.74,500,6.7,,,0.1,UNITED STATES,OREGON
773159,CIDRE ARTISANAL BRETON BIGOUD,NOBILIS WINE IMPORTERS LTD.,CIDER,,,,8.49,750,5.5,,,0.1,FRANCE,OTHER (FRENCH)
773158,CIDRE ARTISANAL BRETON BIGOUD ORGANIC,NOBILIS WINE IMPORTERS LTD.,CIDER,,,,9.95,750,4,,,0.1,FRANCE,OTHER (FRENCH)
790864,CIDRE ARTISANAL BRETON BIGOUD ROSE,NOBILIS WINE IMPORTERS LTD.,CIDER,,,,9.95,750,4,,,0.1,FRANCE,OTHER (FRENCH)
773157,CIDRE ARTISANAL BRETON BIGOUD VINTAGE,NOBILIS WINE IMPORTERS LTD.,CIDER,,,,13.1,750,7,,,0.1,FRANCE,OTHER (FRENCH)
779570,CIDRE BRUT DE NORMANDIE (PASTEURISED),SEACOVE GROUP,CIDER,,,,9.74,750,4.5,,,0.1,FRANCE,OTHER (FRENCH)
773592,CIDRE KINKIZ,FLYING WINES,CIDER,,,,11.99,750,5,,,0.1,FRANCE,OTHER (FRENCH)
879205,CORNISH GOLD APPLE CIDER,PREMIER BRANDS  LTD.,CIDER,,,,328.13,50000,4.5,,,30,UNITED KINGDOM,ENGLAND
781345,CRACKED APPLE CIDER WITH SPICED RUM,RIVER VALLEY BEVERAGE,CIDER,,,,2,500,5.5,,,0.1,UNITED KINGDOM,ENGLAND
781344,CRACKED APPLE CIDER WITH TEQUILA & LIME,RIVER VALLEY BEVERAGE,CIDER,,,,2,500,5.5,,,0.1,UNITED KINGDOM,ENGLAND
784169,DARK & DRY APPLE CIDER,DELANCEY DIRECT INCORPORATED,CIDER,,,,16.96,355,5,,,0.6,UNITED STATES,WASHINGTON
751196,DARRAGON DIT LAFRANCE CIDER,UNITED DISTRIBUTORS,CIDER,,,,11.34,750,6.5,,,0.1,CANADA,QUEBEC
764535,DUBLIN'S PUB IRISH CIDER,ICON FINE WINE AND SPIRITS,CIDER,,,,8.65,355,5,,,0.4,CANADA,QUEBEC
770004,DUBLIN'S PUB IRISH CIDER KEG,ICON FINE WINE AND SPIRITS,CIDER,,,,158,30000,5,,,0.25,CANADA,QUEBEC
764493,DUBLIN'S PUB RED HARD CIDER,ICON FINE WINE AND SPIRITS,CIDER,,,,8.65,355,5,,,0.4,CANADA,QUEBEC
785738,DUCHE LONGUEVILLE ANTOINETTE,PLAID CAP IMPORTS,CIDER,,,,10.98,750,5,,RED,0.1,FRANCE,BORDEAUX
216150,DUKES DRY APPLE CIDER,TREE BREWING AND FIREWEED BREWING,CIDER,,,,257.6,50000,5,,,30,CANADA,BRITISH COLUMBIA
766600,DUKES DRY CIDER 6 CANS,TREE BREWING AND FIREWEED BREWING,CIDER,,,,11.1,355,5,,,0.6,CANADA,BRITISH COLUMBIA
775915,ERIC BORDELET SYDRE ARGELETTE CIDER,GLOBAL WINE MERCHANTS,CIDER,,,,20.63,750,5,,,0.1,FRANCE,OTHER (FRENCH)
760621,FINNRIVER ARTISAN METHODE CHAMPENOISE,EXCESS WINES INC.,CIDER,,,,20.76,750,8,,,0.1,UNITED STATES,WASHINGTON
763699,FINNRIVER BLACK CURRANT CIDER,EXCESS WINES INC.,CIDER,,,,9.41,500,6.5,,,0.1,UNITED STATES,WASHINGTON
760618,FINNRIVER HABANERO CIDER,EXCESS WINES INC.,CIDER,,,,9.41,500,6.5,,,0.1,UNITED STATES,WASHINGTON
763697,FINNRIVER METHODE CHAMPENOISE CIDER,EXCESS WINES INC.,CIDER,,,,11.77,375,8,,,0.1,UNITED STATES,WASHINGTON
780319,FINNRIVER OAK AND APPLE CIDER,EXCESS WINES INC.,CIDER,,,,10.36,500,6.5,,,0.1,UNITED STATES,WASHINGTON
763700,FINNRIVER ORGANIC DRY HOPPED CIDER,EXCESS WINES INC.,CIDER,,,,9.41,500,6.5,,,0.1,UNITED STATES,WASHINGTON
760617,FINNRIVER PEAR CIDER,EXCESS WINES INC.,CIDER,,,,9.41,500,6.5,,,0.1,UNITED STATES,WASHINGTON
760807,FINNRIVER SEASONAL CIDER,EXCESS WINES INC.,CIDER,,,,10.36,500,6.5,,,0.1,UNITED STATES,WASHINGTON
751087,FOUNDRY CIDER,DIAGEO CANADA INC.,CIDER,,,,261.71,50000,4.5,,,0,UNITED KINGDOM,OTHER
754824,FOUNDRY CIDER 500 ML CAN,DIAGEO CANADA INC.,CIDER,,,,11.6,500,4.5,,,0.4,UNITED KINGDOM,OTHER
795422,GREAT NORTHERN WILD CIDER,UNCOMMON IMPORTS,CIDER,,,,8.49,500,6.9,,,0.1,CANADA,BRITISH COLUMBIA
743877,GROWERS APPLE LIME,VINCOR INTERNATIONAL INC.,CIDER,,,,11.09,330,7,,,0.6,CANADA,BRITISH COLUMBIA
762840,GROWERS BING CHERRY,VINCOR INTERNATIONAL INC.,CIDER,,,,11.09,330,7,,,0.6,CANADA,BRITISH COLUMBIA
771117,GROWERS BING CHERRY,VINCOR INTERNATIONAL INC.,CIDER,,,,8.5,2000,7,,,0.25,CANADA,BRITISH COLUMBIA
756244,GROWERS BLACKBERRY,VINCOR INTERNATIONAL INC.,CIDER,,,,11.09,330,7,,,0.6,CANADA,BRITISH COLUMBIA
762841,GROWERS BLACKBERRY 2L,VINCOR INTERNATIONAL INC.,CIDER,,,,8.5,2000,7,,,0.25,CANADA,BRITISH COLUMBIA
743879,GROWERS EXTRA DRY,VINCOR INTERNATIONAL INC.,CIDER,,,,11.49,330,7,,,0.6,CANADA,BRITISH COLUMBIA
776019,GROWERS EXTRA DRY,VINCOR INTERNATIONAL INC.,CIDER,,,,8.5,2000,7,,,0.25,CANADA,BRITISH COLUMBIA
743881,GROWERS GRANNY SMITH,VINCOR INTERNATIONAL INC.,CIDER,,,,11.09,330,7,,,0.6,CANADA,BRITISH COLUMBIA
710472,GROWERS GRAPEFRUIT CIDER,VINCOR INTERNATIONAL INC.,CIDER,,,,8.48,2000,7,,,0.25,CANADA,BRITISH COLUMBIA
766446,GROWERS HONEYCRISP APPLE,VINCOR INTERNATIONAL INC.,CIDER,,,,1.8,473,5,,,0.1,CANADA,ONTARIO
743229,GROWERS MANGO,VINCOR INTERNATIONAL INC.,CIDER,,,,11.09,330,7,,,0.6,CANADA,BRITISH COLUMBIA
344119,GROWERS ORCHARD BERRY,VINCOR INTERNATIONAL INC.,CIDER,,,,8.5,2000,7,,,0.25,CANADA,BRITISH COLUMBIA
743883,GROWERS PEACH,VINCOR INTERNATIONAL INC.,CIDER,,,,11.49,330,7,,,0.6,CANADA,BRITISH COLUMBIA
307371,GROWERS PEACH CIDER,VINCOR INTERNATIONAL INC.,CIDER,,,,8.5,2000,7,,,0.25,CANADA,BRITISH COLUMBIA
743884,GROWERS PEAR,VINCOR INTERNATIONAL INC.,CIDER,,,,11.49,330,7,,,0.6,CANADA,BRITISH COLUMBIA
743885,GROWERS POMEGRANATE,VINCOR INTERNATIONAL INC.,CIDER,,,,11.09,330,7,,,0.6,CANADA,BRITISH COLUMBIA
984914,GROWERS POMEGRANATE,VINCOR INTERNATIONAL INC.,CIDER,,,,8.5,2000,7,,,0.25,CANADA,BRITISH COLUMBIA
314906,GROWERS RASPBERRY,VINCOR INTERNATIONAL INC.,CIDER,,,,8.5,2000,6,,,0.25,CANADA,BRITISH COLUMBIA
743886,GROWERS RASPBERRY,VINCOR INTERNATIONAL INC.,CIDER,,,,11.09,330,7,,,0.6,CANADA,BRITISH COLUMBIA
743887,GROWERS RED RUBY GRAPEFRUIT,VINCOR INTERNATIONAL INC.,CIDER,,,,11.09,330,7,,,0.6,CANADA,BRITISH COLUMBIA
743228,GROWERS SASKATOON BERRY,VINCOR INTERNATIONAL INC.,CIDER,,,,11.09,330,7,,,0.6,CANADA,BRITISH COLUMBIA
748870,GROWERS STRAWBERRY RHUBARB,VINCOR INTERNATIONAL INC.,CIDER,,,,11.09,330,7,,,0.6,CANADA,BRITISH COLUMBIA
756242,GROWERS STRAWBERRY RHUBARB,VINCOR INTERNATIONAL INC.,CIDER,,,,8.5,2000,7,,,0.25,CANADA,BRITISH COLUMBIA
783492,HAWKES BAY BREWING CO. KINGSTON CIDER,Z.A. WYN LTD.,CIDER,,,,5,330,5,,,0.1,NEW ZEALAND,
783013,HENRY WESTONS VINTAGE PERRY CIDER,UNITED DISTRIBUTORS,CIDER,,,,4.75,500,7.4,,,0.1,UNITED KINGDOM,ENGLAND
789606,HITACHINO NEST CIDRE,HIGH LEVEL IMPORTS,CIDER,,,,9.63,550,7,,,0.1,JAPAN,
763662,HONESTY BOX APPLE CIDER,KIRKWOOD DIAMOND CANADA,CIDER,,,,2.9,440,7,,,0.1,NEW ZEALAND,
763663,HONESTY BOX PEAR CIDER,KIRKWOOD DIAMOND CANADA,CIDER,,,,2.9,440,7,,,0.1,NEW ZEALAND,
772913,HOPPING MAD CIDER,CENTRAL CITY BREWERS & DISTILLERS LTD.,CIDER,,,,11.31,355,6.5,,,0.6,CANADA,BRITISH COLUMBIA
772914,HOPPING MAD CIDER,CENTRAL CITY BREWERS & DISTILLERS LTD.,CIDER,,,,259.85,50000,6.5,,,30,CANADA,BRITISH COLUMBIA
779978,HOPPING MAD CIDER RADLER,CENTRAL CITY BREWERS & DISTILLERS LTD.,CIDER,,,,1.9,473,4.2,,,0.1,CANADA,BRITISH COLUMBIA
779980,HOPPING MAD CIDER RADLER,CENTRAL CITY BREWERS & DISTILLERS LTD.,CIDER,,,,235,50000,4.2,,,30,CANADA,BRITISH COLUMBIA
775131,HOPWORKS HARD CIDER,AFIC EXIM (CANADA) CORP.,CIDER,,,,17.11,473,6.8,,,0.4,UNITED STATES,OREGON
785807,INIMITABLE BRUT CIDER,FLYING WINES,CIDER,,,,12.58,750,5.2,,,0.1,FRANCE,OTHER (FRENCH)
759972,J.K. ORCHARD GATE GOLD ORGANIC HARD CIDE,AFIC EXIM (CANADA) CORP.,CIDER,,,,7.62,650,6,,,0.1,UNITED STATES,MICHIGAN
759980,J.K.'S FARMHOUSE SUMMER HARD CIDER,HORIZON BEERS INC.,CIDER,,,,4.99,650,4.5,,,0.1,UNITED STATES,MICHIGAN
759973,JK NORTHERN NEIGHBOUR,AFIC EXIM (CANADA) CORP.,CIDER,,,,7.07,650,5.5,,,0.1,UNITED STATES,MICHIGAN
1126368,JULIAN APPLE PIE,RICHMOND HILL WINES,CIDER,,,,2.08,650,6.99,,,0.1,UNITED STATES,CALIFORNIA
1118882,JULIAN BLACK & BLUE,RICHMOND HILL WINES,CIDER,,,,2.12,650,6.99,,,0.1,UNITED STATES,CALIFORNIA
1118883,JULIAN BOMB,RICHMOND HILL WINES,CIDER,,,,2.12,650,6.99,,,0.1,UNITED STATES,CALIFORNIA
1118868,JULIAN HARD APPLE,RICHMOND HILL WINES,CIDER,,,,2.08,650,6.99,,,0.1,UNITED STATES,CALIFORNIA
769985,JULIEN FREMONT CIDER - SILEX,SEDIMENTARY WINES,CIDER,,,,13.71,750,4.5,,,0.1,FRANCE,OTHER (FRENCH)
52274,LEFT FIELD CIDER - BIG DRY,LEFT FIELD CIDER CO. LTD.,CIDER,,,,6.72,500,7.2,,,0.1,CANADA,BRITISH COLUMBIA
893248,LEFT FIELD CIDER - LITTLE DRY,LEFT FIELD CIDER CO. LTD.,CIDER,,,,6.72,500,7.4,,,0.1,CANADA,BRITISH COLUMBIA
778693,LONDON CALLING CIDER,PREMIER BRANDS  LTD.,CIDER,,,,2.7,473,5.5,,,0.1,CANADA,QUEBEC
783171,LONETREE AUTHENTIC APPLE CIDER BOTTLE,NORTHAM BEVERAGES,CIDER,,,,2.06,330,5.5,,,0.1,CANADA,BRITISH COLUMBIA
791793,LONETREE AUTHENTIC DRY APPLE 30L KEG,NORTHAM BEVERAGES,CIDER,,,,165,30000,5.5,,,30,CANADA,BRITISH COLUMBIA
744173,LONETREE AUTHENTIC DRY CIDER,NORTHAM BEVERAGES,CIDER,,,,11.49,355,5.5,,,0.6,CANADA,BRITISH COLUMBIA
161729,LONETREE AUTHENTIC DRY CIDER KEG,NORTHAM BEVERAGES,CIDER,,,,254.15,50000,5.5,,,30,CANADA,BRITISH COLUMBIA
790261,LONETREE CRANBERRY APPLE 30L KEG,NORTHAM BEVERAGES,CIDER,,,,165,30000,5.5,,,30,CANADA,BRITISH COLUMBIA
758527,LONETREE CRANBERRY APPLE DRY CIDER,NORTHAM BEVERAGES,CIDER,,,,11.49,355,5.5,,,0.6,CANADA,BRITISH COLUMBIA
345538,LONETREE CRANBERRY APPLE DRY CIDER KEG,NORTHAM BEVERAGES,CIDER,,,,254.15,50000,5.5,,,30,CANADA,BRITISH COLUMBIA
790265,LONETREE GINGER APPLE 30L KEG,NORTHAM BEVERAGES,CIDER,,,,165,30000,5.5,,,30,CANADA,BRITISH COLUMBIA
791158,LONETREE GINGER APPLE CIDER BOTTLE,NORTHAM BEVERAGES,CIDER,,,,2.06,330,5.5,,,0.1,CANADA,BRITISH COLUMBIA
777631,LONETREE GINGER APPLE DRY CIDER,NORTHAM BEVERAGES,CIDER,,,,11.49,355,5.5,,,0.6,CANADA,BRITISH COLUMBIA
776442,LONETREE GINGER DRY CIDER KEG,NORTHAM BEVERAGES,CIDER,,,,254.15,50000,5.5,,,30,CANADA,BRITISH COLUMBIA
870113,LONETREE ORCHARD SAMPLER PACK,NORTHAM BEVERAGES,CIDER,,,,21.12,355,5.5,,,1.2,CANADA,BRITISH COLUMBIA
790262,LONETREE PEAR & APPLE 30L KEG,NORTHAM BEVERAGES,CIDER,,,,165,30000,5.5,,,30,CANADA,BRITISH COLUMBIA
794347,LONETREE PEAR & APPLE CIDER,NORTHAM BEVERAGES,CIDER,,,,11.49,355,5.5,,,0.6,CANADA,BRITISH COLUMBIA
991240,LONETREE PEAR & APPLE CIDER BOTTLE,NORTHAM BEVERAGES,CIDER,,,,2.06,330,5.5,,,0.1,CANADA,BRITISH COLUMBIA
743480,LVD CIDER NORMANDY ORGANIC,NOBILIS WINE IMPORTERS LTD.,CIDER,,,,9.83,750,5,,,0.1,FRANCE,OTHER (FRENCH)
737153,MAGNERS ORIGINAL IRISH CIDER,LIQUID ART & SUPPLY CO. LTD.,CIDER,,,,3.66,568,4.5,,,0.1,IRELAND,
625731,MAGNERS ORIGINAL IRISH CIDER (KEG),LIQUID ART & SUPPLY CO. LTD.,CIDER,,,,249.99,50000,4.5,,,0,IRELAND,
765315,MAGNERS PEAR 30L KEG,LIQUID ART & SUPPLY CO. LTD.,CIDER,,,,183.68,30000,4.5,,,0,IRELAND,
788968,MILL STREET QUEEN STREET 501 50L,LABATT ALBERTA BREWERY,CIDER,,,,289.35,50000,5,,,30,CANADA,ONTARIO
785809,MINI INIMITABLE CIDER BRUT,FLYING WINES,CIDER,,,,4.97,330,5.2,,,0.1,FRANCE,OTHER (FRENCH)
785811,MINI PEAR CIDER VERTUEUX,FLYING WINES,CIDER,,,,4.97,330,2.5,,,0.1,FRANCE,OTHER (FRENCH)
785810,MINI ROSE CIDRE LA SULFUREUSE,FLYING WINES,CIDER,,,,4.97,330,3,,,0.1,FRANCE,OTHER (FRENCH)
763689,MOLSON CANADIAN CIDER,MOLSON CANADA 2005,CIDER,,,,10.81,473,5,,,0.4,CANADA,ONTARIO
764167,MOLSON CANADIAN CIDER,MOLSON CANADA 2005,CIDER,,,,12.96,341,5,,,0.6,CANADA,ONTARIO
789433,MOLSON CANADIAN CIDER MIXER PACK 2017,MOLSON CANADA 2005,CIDER,,,,24.81,355,5,,,1.2,CANADA,ONTARIO
767375,MOLSON CANADIAN CIDER STONE FRUIT,MOLSON CANADA 2005,CIDER,,,,10.81,473,5,,,0.4,CANADA,ONTARIO
780596,MOLSON CANADIAN CIDER TASTER PACK,MOLSON CANADA 2005,CIDER,,,,24.81,355,5,,,1.2,CANADA,ONTARIO
780431,MOLSON CANADIAN CIDER WHITE CRANBERRY,MOLSON CANADA 2005,CIDER,,,,11.56,473,5,,,0.4,CANADA,ONTARIO
789189,MOLSON CANADIAN PEAR CIDER,MOLSON CANADA 2005,CIDER,,,,10.81,473,5,,,0.4,CANADA,ONTARIO
388868,OKANAGAN 'EXTRA' GLACIER BERRY 7%,RTD CANADA INC.,CIDER,,,,8.49,2000,7,,,0.25,CANADA,BRITISH COLUMBIA
793858,OKANAGAN APPLE CIDER CRISP APPLE,RTD CANADA INC.,CIDER,,,,2.95,473,5,,,0.1,CANADA,BRITISH COLUMBIA
792837,OKANAGAN APPLE VARIETY PACK,RTD CANADA INC.,CIDER,,,,38.99,355,5,,,2.4,CANADA,BRITISH COLUMBIA
771572,OKANAGAN CIDER - EXTRA BLACK CHERRY,RTD CANADA INC.,CIDER,,,,8.49,2000,7,,,0.25,CANADA,BRITISH COLUMBIA
771568,OKANAGAN CIDER - EXTRA CRISP APPLE,RTD CANADA INC.,CIDER,,,,8.49,2000,7,,,0.25,CANADA,BRITISH COLUMBIA
771569,OKANAGAN CIDER - EXTRA HARVEST PEAR,RTD CANADA INC.,CIDER,,,,8.49,2000,7,,,0.25,CANADA,BRITISH COLUMBIA
771570,OKANAGAN CIDER - EXTRA ORCHARD PEACH,RTD CANADA INC.,CIDER,,,,8.49,2000,7,,,0.25,CANADA,BRITISH COLUMBIA
771573,OKANAGAN CIDER - EXTRA STRAWBERRY RHUBAR,RTD CANADA INC.,CIDER,,,,8.49,2000,7,,,0.25,CANADA,BRITISH COLUMBIA
771571,OKANAGAN CIDER - EXTRA WHITE GRAPE,RTD CANADA INC.,CIDER,,,,8.49,2000,7,,,0.25,CANADA,BRITISH COLUMBIA
749515,OKANAGAN ORCHARD PEACH CIDER-CANS,RTD CANADA INC.,CIDER,,,,10.98,355,5,,,0.6,CANADA,BRITISH COLUMBIA
766616,OKANAGAN PREMIUM - BC SAMPLER,RTD CANADA INC.,CIDER,,,,20.69,355,5,,,1.2,CANADA,BRITISH COLUMBIA
749519,OKANAGAN PREMIUM BLACK CHERRY-CANS,RTD CANADA INC.,CIDER,,,,10.98,355,5,,,0.6,CANADA,BRITISH COLUMBIA
771567,OKANAGAN PREMIUM CIDER - DRY PEAR 6PK,RTD CANADA INC.,CIDER,,,,10.98,355,5,,,0.6,CANADA,BRITISH COLUMBIA
749521,OKANAGAN PREMIUM CRISP APPLE CIDER-CANS,RTD CANADA INC.,CIDER,,,,10.98,355,5,,,0.6,CANADA,BRITISH COLUMBIA
378406,OKANAGAN PREMIUM EXTRA CIDER ARCTIC RASP,RTD CANADA INC.,CIDER,,,,8.49,2000,7,,,0.25,CANADA,BRITISH COLUMBIA
749516,OKANAGAN PREMIUM HARVEST PEAR-CANS,RTD CANADA INC.,CIDER,,,,10.98,355,5,,,0.6,CANADA,BRITISH COLUMBIA
749514,OKANAGAN PREMIUM WHITE GRAPE-CANS,RTD CANADA INC.,CIDER,,,,10.98,355,5,,,0.6,CANADA,BRITISH COLUMBIA
779753,OKANAGAN STRAWBERRY RHUBARB CIDER-CANS,RTD CANADA INC.,CIDER,,,,10.98,355,5,,,0.6,CANADA,BRITISH COLUMBIA
793138,PEAR CIDER VERTUEUX,FLYING WINES,CIDER,,,,12.69,750,5.2,,,0.1,FRANCE,OTHER (FRENCH)
787045,PETRITEGI SIDRA NATURAL PETRI EUSKO,JUICE IMPORTS,CIDER,,,,12.05,750,6,,,0.1,SPAIN,OTHER (SPANISH)
767578,PICKER'S HUT PREMIUM CIDER,SOUTH BY SOUTHWEST WINE IMPORTS INC.,CIDER,,,,5.37,650,6,,,0.1,CANADA,BRITISH COLUMBIA
776300,PICKERS HUT KEGS,SOUTH BY SOUTHWEST WINE IMPORTS INC.,CIDER,,,,154.97,30000,6,,,0.25,CANADA,BRITISH COLUMBIA
758989,PIERRE HUET CIDRE PAYS D'AUGE,NOBILIS WINE IMPORTERS LTD.,CIDER,,,,9.51,750,4,,,0.1,FRANCE,OTHER (FRENCH)
709683,PINNACLE ICE CIDER,CRUSH IMPORTS,CIDER,,,,20.62,375,10.2,,,0.1,CANADA,QUEBEC
775913,POIRE ERIC BORDELET SPARKLING PERRY,GLOBAL WINE MERCHANTS,CIDER,,,,19.51,750,3.5,,,0.1,FRANCE,OTHER (FRENCH)
764536,POMME DE COEUR CIDER,ICON FINE WINE AND SPIRITS,CIDER,,,,7.39,375,6.9,,,0.1,CANADA,QUEBEC
780662,POMMIES DRY CANS,CELLAR DOOR IMPORTS LTD.,CIDER,,,,3.46,473,5,,,0.1,CANADA,ONTARIO
758525,POMMIES DRY CIDER,CELLAR DOOR IMPORTS LTD.,CIDER,,,,13.3,355,5,,,0.4,CANADA,ONTARIO
773231,POMMIES DRY CIDER KEGS,CELLAR DOOR IMPORTS LTD.,CIDER,,,,174.49,30000,5,,,0.25,CANADA,ONTARIO
773775,POMMIES FARMHOUSE CIDER,CELLAR DOOR IMPORTS LTD.,CIDER,,,,3.37,473,6,,,0.1,CANADA,ONTARIO
781370,POMMIES PERRY,CELLAR DOOR IMPORTS LTD.,CIDER,,,,13.99,355,5,,,0.4,CANADA,ONTARIO
801028,RAVENS MOON RAGGED ASS ROAD,BARREL HUNTER IMPORT AND BROKERAGE LTD.,CIDER,,,,6.38,500,6.6,,,0.1,CANADA,BRITISH COLUMBIA
873794,REKORDERLIG MANGO - RASPBERRY,PREMIER BRANDS  LTD.,CIDER,,,,3.1,500,4.5,,,0.1,SWEDEN,
776182,REKORDERLIG PASSION FRUIT,PREMIER BRANDS  LTD.,CIDER,,,,3.1,500,4.5,,,0.1,SWEDEN,
777452,REKORDERLIG PEAR CIDER,PREMIER BRANDS  LTD.,CIDER,,,,3.11,500,4.5,,,0.1,SWEDEN,
685057,REKORDERLIG SPICED APPLE CIDER,PREMIER BRANDS  LTD.,CIDER,,,,4.04,500,4.5,,,0.1,SWEDEN,
790279,REKORDERLIG STRAWBERRY LIME,PREMIER BRANDS  LTD.,CIDER,,,,3.1,500,4.5,,,0.1,SWEDEN,
882100,REKORDERLIG WILD BERRIES,PREMIER BRANDS  LTD.,CIDER,,,,3.1,500,7,,,0.1,SWEDEN,
774326,REVEREND NAT'S - CASCADIAN CIDERWORKERS,UNTAPPED CRAFT IMPORTS,CIDER,,,,14.82,473,6.5,,,0.4,UNITED STATES,OREGON
786961,REVEREND NAT'S - CIDER MAKER RESERVE,UNTAPPED CRAFT IMPORTS,CIDER,,,,269.19,30000,6.5,,,0.25,UNITED STATES,OREGON
774325,REVEREND NAT'S - REVIVAL,UNTAPPED CRAFT IMPORTS,CIDER,,,,7.35,500,5.8,,,0.1,UNITED STATES,OREGON
783749,REVEREND NAT'S - REVIVAL,UNTAPPED CRAFT IMPORTS,CIDER,,,,239.69,30000,6,,,0.25,UNITED STATES,OREGON
786960,REVEREND NAT'S - SACRILEGE SOUR CHERRY,UNTAPPED CRAFT IMPORTS,CIDER,,,,239.69,30000,5,,,0.25,UNITED STATES,OREGON
787309,REVEREND NAT'S - SACRILEGE SOUR CHERRY,UNTAPPED CRAFT IMPORTS,CIDER,,,,8.62,500,5,,,0.1,UNITED STATES,OREGON
795178,REVEREND NAT'S - SIDRA BRAVO WILD CIDER,UNTAPPED CRAFT IMPORTS,CIDER,,,,239.69,30000,5.3,,,0.25,UNITED STATES,OREGON
765936,RIDER CIDER - APPLE LIME TWIST - CANS,AFIC EXIM (CANADA) CORP.,CIDER,,,,10.79,355,5,,,0.6,CANADA,BRITISH COLUMBIA
769868,RIDER CIDER - TRADITIONAL DRY APPLE,AFIC EXIM (CANADA) CORP.,CIDER,,,,10.79,355,5,,,0.6,CANADA,BRITISH COLUMBIA
854208,RIDER CIDER - TRADITIONAL DRY APPLE 30 L,AFIC EXIM (CANADA) CORP.,CIDER,,,,189.48,30000,5,,,30,CANADA,BRITISH COLUMBIA
765937,RIDER CIDER - VALENCIA ORANGE - CANS,AFIC EXIM (CANADA) CORP.,CIDER,,,,10.79,355,5,,,0.6,CANADA,BRITISH COLUMBIA
736627,ROCK CREEK PREMIUM DRY APPLE CIDER (CLS),BIG ROCK BREWERY,CIDER,,,,16.29,355,5.5,,,0.6,CANADA,ALBERTA
772462,ROGUE ALES FRUIT SALAD CIDER,HARVEST VINTAGE IMPORTS,CIDER,,,,11.16,650,6.4,,,0.1,UNITED STATES,OREGON
736444,SAMUEL SMITH ORGANIC APPLE CIDER,DELANCEY DIRECT INCORPORATED,CIDER,,,,6.33,550,5,,,0.1,UNITED KINGDOM,ENGLAND
772501,SAMUEL SMITH ORGANIC APPLE CIDER,DELANCEY DIRECT INCORPORATED,CIDER,,,,15.86,355,5,,,0.4,UNITED KINGDOM,ENGLAND
792569,SAMUEL SMITH ORGANIC PERRY,DELANCEY DIRECT INCORPORATED,CIDER,,,,13.83,355,5,,,0.4,UNITED KINGDOM,ENGLAND
792570,SAMUEL SMITH ORGANIC PERRY,DELANCEY DIRECT INCORPORATED,CIDER,,,,6.35,550,5,,,0.1,UNITED KINGDOM,ENGLAND
764538,SAVANNA DRY PREMIUM CIDER,PETER MIELZYNSKI AGENCIES LTD.,CIDER,,,,9.78,330,5,,,0.4,SOUTH AFRICA,
763341,SCARLETT'S SPRITZERS ELDERFLOWER LIME,SUMMIT FINE WINES COMPANY,CIDER,,,,1.48,500,5,,,0.1,NEW ZEALAND,
763340,SCARLETT'S SPRITZERS RED BERRIES,SUMMIT FINE WINES COMPANY,CIDER,,,,1.48,500,5,,,0.1,NEW ZEALAND,
958082,SCENIC ROAD CIDER - DRY,PNW NEGOCIANTS INC.,CIDER,,,,7.18,500,7,,,0.1,CANADA,BRITISH COLUMBIA
784506,SCENIC ROAD CIDER - NEARLY DRY,PNW NEGOCIANTS INC.,CIDER,,,,7.18,500,7,,,0.1,CANADA,BRITISH COLUMBIA
789725,SCENIC ROAD CIDER RAZZ,PNW NEGOCIANTS INC.,CIDER,,,,7.74,500,5.9,,,0.1,CANADA,BRITISH COLUMBIA
305649,SEA CIDER BIRDS AND THE BEES,WINE ALLIANCE,CIDER,,,,14.88,750,9.9,,,0.1,CANADA,BRITISH COLUMBIA
751020,SEA CIDER BRAMBLE BUBBLY,WINE ALLIANCE,CIDER,,,,14.88,750,6,,,0.1,CANADA,BRITISH COLUMBIA
795844,SEA CIDER GINGER PERRY,WINE ALLIANCE,CIDER,,,,14.94,750,12,,,0.1,CANADA,BRITISH COLUMBIA
106823,SEA CIDER KINGS & SPIES,WINE ALLIANCE,CIDER,,,,14.88,750,8,,,0.1,CANADA,BRITISH COLUMBIA
741080,SEA CIDER PIPPINS,WINE ALLIANCE,CIDER,,,,14.88,750,9.5,,,0.1,CANADA,BRITISH COLUMBIA
767031,SEA CIDER RUBY ROSE,WINE ALLIANCE,CIDER,,,,14.88,750,9.9,,,0.1,CANADA,BRITISH COLUMBIA
641993,SEA CIDER RUMRUNNER,WINE ALLIANCE,CIDER,,,,14.88,750,12,,,0.1,CANADA,BRITISH COLUMBIA
787949,SEA CIDER SASSAMANASH,WINE ALLIANCE,CIDER,,,,14.94,750,9.9,,,0.1,CANADA,BRITISH COLUMBIA
206904,SEA CIDER WASSAIL,WINE ALLIANCE,CIDER,,,,14.88,750,14,,,0.1,CANADA,BRITISH COLUMBIA
132878,SEA CIDER WILD ENGLISH,WINE ALLIANCE,CIDER,,,,14.88,750,7.5,,,0.1,CANADA,BRITISH COLUMBIA
768611,SEA CIDER WITCH'S BROOM,WINE ALLIANCE,CIDER,,,,14.88,750,9.9,,,0.1,CANADA,BRITISH COLUMBIA
39156,SEA CIDER WOLF IN THE WOODS,WINE ALLIANCE,CIDER,,,,14.88,750,9.9,,,0.1,CANADA,BRITISH COLUMBIA
749510,SEAGRAM APPLE CIDER,KIRKWOOD DIAMOND CANADA,CIDER,,,,2.54,473,5.2,,,0.1,CANADA,ONTARIO
800352,SHINY APPLE CIDER,PREMIUM WINE LIQUOR BEER IMPORTS,CIDER,,,,3.36,473,7,,,0.1,CANADA,ONTARIO
800349,SHINY APPLE CIDER WITH PINOT NOIR,PREMIUM WINE LIQUOR BEER IMPORTS,CIDER,,,,3.58,473,6.5,,,0.1,CANADA,ONTARIO
790204,SOMERSBY APPLE 8X330ML CANS,CARLSBERG CANADA INC.,CIDER,,,,13.85,330,4.5,,,0.8,FINLAND,
212639,SOMERSBY APPLE CIDER,CARLSBERG CANADA INC.,CIDER,,,,3.1,500,4.5,,,0.1,DENMARK,
375337,SOMERSBY APPLE CIDER 4 X 500ML CANS,CARLSBERG CANADA INC.,CIDER,,,,10.93,500,4.5,,,0.4,DENMARK,
764592,SOMERSBY APPLE CIDER 6 X 330ML BOTTLES,CARLSBERG CANADA INC.,CIDER,,,,11.84,330,4.5,,,0.6,DENMARK,
163253,SOMERSBY APPLE CIDER DRAUGHT,CARLSBERG CANADA INC.,CIDER,,,,139.76,25000,4.5,,,0,DENMARK,
766774,SOMERSBY BLACKBERRY CIDER 4 X 500ML CANS,CARLSBERG CANADA INC.,CIDER,,,,11.93,500,4.5,,,0.4,DENMARK,
524637,SOMERSBY BLACKBERRY CIDER 500ML CANS,CARLSBERG CANADA INC.,CIDER,,,,3.1,500,4.5,,,0.1,DENMARK,
789585,SOMERSBY ELDERFLOWER 4X500ML CANS,CARLSBERG CANADA INC.,CIDER,,,,9.93,500,4.5,,,0.4,DENMARK,
781995,SOMERSBY ELDERFLOWER CIDER 500ML CANS,CARLSBERG CANADA INC.,CIDER,,,,3.1,500,4.5,,,0.1,DENMARK,
781998,SOMERSBY MIXER PACK CIDER 8X500ML CANS,CARLSBERG CANADA INC.,CIDER,,,,23.29,500,4.5,,,0.8,DENMARK,
771331,SOMERSBY PEAR CIDER 4 X 500ML CANS,CARLSBERG CANADA INC.,CIDER,,,,11.93,500,4.5,,,0.4,DENMARK,
789584,SOMERSBY RHUBARB CIDER 4X500ML CAN,CARLSBERG CANADA INC.,CIDER,,,,11.93,500,4.5,,,0.4,DENMARK,
794655,SOMERSBY SEMI DRY 500ML CANS,CARLSBERG CANADA INC.,CIDER,,,,2.8,500,4.5,,,0.1,DENMARK,
794140,SOMERSBY SEMI DRY DRAUGHT,CARLSBERG CANADA INC.,CIDER,,,,142.2,25000,4.5,,,0,DENMARK,
769849,SONOMA CIDER APPLE THE HATCHET,ADVINTAGE BRANDS INC.,CIDER,,,,12.31,355,6,,,0.4,UNITED STATES,CALIFORNIA
769851,SONOMA CIDER BOURBON THE ANVIL,ADVINTAGE BRANDS INC.,CIDER,,,,12.31,355,6,,,0.4,UNITED STATES,CALIFORNIA
769850,SONOMA CIDER PEAR THE PITCHFORK,ADVINTAGE BRANDS INC.,CIDER,,,,12.31,355,6,,,0.4,UNITED STATES,CALIFORNIA
785561,SONOMA CIDER WINTER MIX 4 PACK,ADVINTAGE BRANDS INC.,CIDER,,,,20.16,650,5.5,,,0.4,UNITED STATES,CALIFORNIA
737193,SPIRE MOUNTAIN APPLE CIDER BIG BOTTLES,DELANCEY DIRECT INCORPORATED,CIDER,,,,5.34,650,5,,,0.1,UNITED STATES,WASHINGTON
784170,SPIRE MOUNTAIN CRISP N DRY APPLE CIDER,DELANCEY DIRECT INCORPORATED,CIDER,,,,16.43,355,5,,,0.6,UNITED STATES,WASHINGTON
794682,SPIRE MOUNTAIN DARK N DRY APPLE CIDER,DELANCEY DIRECT INCORPORATED,CIDER,,,,10.84,473,5,,,0.4,UNITED STATES,WASHINGTON
753298,SPIRE MOUNTAIN PEAR CIDER,DELANCEY DIRECT INCORPORATED,CIDER,,,,340.34,58674,5,,,30,UNITED STATES,WASHINGTON
791127,SPIRE MOUNTAIN SPARKLING PEAR CIDER,DELANCEY DIRECT INCORPORATED,CIDER,,,,17.74,355,5,,,0.6,UNITED STATES,WASHINGTON
786345,STELLA CIDRE 4X473ML CANS,RTD CANADA INC.,CIDER,,,,12.95,473,4.5,,,0.4,UNITED STATES,NEW YORK
786367,STELLA CIDRE 4X473ML CANS,RTD CANADA INC.,CIDER,,,,12.94,473,4.5,,,0.4,UNITED STATES,NEW YORK
421602,STRONGBOW CIDER,MOLSON CANADA 2005,CIDER,,,,272.27,50000,4.5,,,0,UNITED KINGDOM,ENGLAND
622282,STRONGBOW CIDER,MOLSON CANADA 2005,CIDER,,,,11.93,500,5.3,,,0.4,UNITED KINGDOM,ENGLAND
732937,STRONGBOW CIDER,MOLSON CANADA 2005,CIDER,,,,13.97,330,5.3,,,0.6,BELGIUM,
732938,STRONGBOW CIDER,MOLSON CANADA 2005,CIDER,,,,20.94,440,5.3,,,0.8,UNITED KINGDOM,ENGLAND
788183,STRONGBOW DARKFRUIT,MOLSON CANADA 2005,CIDER,,,,11.93,440,4.5,,,0.4,UNITED KINGDOM,ENGLAND
772331,STRONGBOW ELDERFLOWER,MOLSON CANADA 2005,CIDER,,,,11.93,440,4.5,,,0.4,UNITED KINGDOM,ENGLAND
780128,STRONGBOW GINGER,MOLSON CANADA 2005,CIDER,,,,11.93,440,4.5,,,0.4,UNITED KINGDOM,ENGLAND
772332,STRONGBOW GOLD,MOLSON CANADA 2005,CIDER,,,,11.93,440,4.5,,,0.4,UNITED KINGDOM,ENGLAND
773965,STRONGBOW GOLD,MOLSON CANADA 2005,CIDER,,,,174.35,30000,4.5,,,0,BELGIUM,
778203,STRONGBOW GOLD DUTY PAID,MOLSON CANADA 2005,CIDER,,,,11.93,440,4.5,,,0.4,UNITED KINGDOM,ENGLAND
781772,STRONGBOW VARIETY PACK 16 CAN,MOLSON CANADA 2005,CIDER,,,,40.53,440,4.7,,,1.6,UNITED KINGDOM,ENGLAND
789954,STRONGBOW VARIETY PACK 8 CAN 2017,MOLSON CANADA 2005,CIDER,,,,20.94,440,4.7,,,0.8,UNITED KINGDOM,ENGLAND
790751,SUN RYPE - OKANAGAN DRY APPLE CIDER CAN,AFIC EXIM (CANADA) CORP.,CIDER,,,,11.07,473,5.5,,,0.4,CANADA,BRITISH COLUMBIA
791291,SUNRYPEOKANAGAN DRY APPLE HARD CIDER 30L,AFIC EXIM (CANADA) CORP.,CIDER,,,,189.48,30000,5.5,,,30,CANADA,BRITISH COLUMBIA
793046,TAWSE CIDER,ARTISAN WINES LTD.,CIDER,,,,14.98,750,8,,,0.1,CANADA,ONTARIO
743208,TEMPT 7 ELDERFLOWER CIDER,RIVER VALLEY BEVERAGE,CIDER,,,,2.25,330,4.5,,,0.1,DENMARK,
788684,TEMPT 9 STRAWBERRY LIME CIDER,RIVER VALLEY BEVERAGE,CIDER,,,,2.25,330,4.5,,,0.1,DENMARK,
774389,TIETON - APRICOT,UNTAPPED CRAFT IMPORTS,CIDER,,,,9.74,500,6.9,,,0.1,UNITED STATES,WASHINGTON
869149,TIETON - CHERRY BLEND,UNTAPPED CRAFT IMPORTS,CIDER,,,,9.74,500,6.9,,,0.1,UNITED STATES,WASHINGTON
784334,TIETON - CRANBERRY CIDER,UNTAPPED CRAFT IMPORTS,CIDER,,,,9.74,500,6.9,,,0.1,UNITED STATES,WASHINGTON
784335,TIETON - RAMBLING ROUTE HARD APPLE CIDER,UNTAPPED CRAFT IMPORTS,CIDER,,,,14.82,473,6.9,,,0.4,UNITED STATES,WASHINGTON
784382,TIETON - RAMBLING ROUTE HARD PEAR CIDER,UNTAPPED CRAFT IMPORTS,CIDER,,,,14.82,473,6.9,,,0.4,UNITED STATES,WASHINGTON
784333,TIETON - YAKIMA VALLEY DRY HOPPED CIDER,UNTAPPED CRAFT IMPORTS,CIDER,,,,9.74,500,6.9,,,0.1,UNITED STATES,WASHINGTON
795421,UNCOMMON APPLE HASKAP CIDER,UNCOMMON IMPORTS,CIDER,,,,7.24,500,6.4,,,0.1,CANADA,BRITISH COLUMBIA
787249,UNCOMMON DRY CRAFT CIDER,UNCOMMON IMPORTS,CIDER,,,,6.79,500,6.5,,,0.1,CANADA,BRITISH COLUMBIA
800009,UNCOMMON DRY CRAFT CIDER 30L KEG,UNCOMMON IMPORTS,CIDER,,,,198,30000,6.5,,,0,CANADA,ALBERTA
800008,UNCOMMON DRY CRAFT CIDER 50L KEG,UNCOMMON IMPORTS,CIDER,,,,320,50000,6.5,,,0,CANADA,ALBERTA
787252,UNCOMMON DRY HOPPED CIDER,UNCOMMON IMPORTS,CIDER,,,,6.79,500,6.8,,,0.1,CANADA,BRITISH COLUMBIA
800011,UNCOMMON DRY HOPPED CIDER 30L KEG,UNCOMMON IMPORTS,CIDER,,,,198,30000,6.7,,,0,CANADA,ALBERTA
800010,UNCOMMON DRY HOPPED CIDER 50L KEG,UNCOMMON IMPORTS,CIDER,,,,320,50000,6.7,,,0,CANADA,ALBERTA
780008,WANDEROOT,MOLSON CANADA 2005,CIDER,,,,11.56,473,5.1,,,0.4,CANADA,ONTARIO
780009,WANDEROOT,MOLSON CANADA 2005,CIDER,,,,12.79,355,5.1,,,0.6,CANADA,ONTARIO
787423,WARDS PICKER'S HUT WINTER SPICE,SOUTH BY SOUTHWEST WINE IMPORTS INC.,CIDER,,,,5.56,650,6,,,0.1,CANADA,BRITISH COLUMBIA
787978,WARDS PICKER'S HUT WINTER SPICE,SOUTH BY SOUTHWEST WINE IMPORTS INC.,CIDER,,,,157.8,30000,6,,,0.25,CANADA,BRITISH COLUMBIA
741818,WESTONS OLD ROSIE SCRUMPY CIDER,UNITED DISTRIBUTORS,CIDER,,,,4.73,500,7.3,,,0.1,UNITED KINGDOM,ENGLAND
765981,WESTONS OLD ROSIE SCRUMPY CIDER - 2L,UNITED DISTRIBUTORS,CIDER,,,,14.81,2000,7.3,,,0.25,UNITED KINGDOM,ENGLAND
746140,WESTONS STOWFORD PRESS CIDER - 500ML CAN,UNITED DISTRIBUTORS,CIDER,,,,10.94,500,4.5,,,0.4,UNITED KINGDOM,ENGLAND
741816,WESTONS WYLDWOOD ORGANIC APPLE CIDER,UNITED DISTRIBUTORS,CIDER,,,,4.49,500,6.5,,,0.1,UNITED KINGDOM,ENGLAND
737269,WILLIAM'S SIR PERRY CIDER,PREMIER BRANDS  LTD.,CIDER,,,,11.91,500,6,,,0.4,UNITED KINGDOM,OTHER