ID,Name,Maker,Category,Sub_Category,Sub_Sub_Category,Sub_Sub_Sub_Category,Cost,Volume(ml),Alcohol_By_Volume,Aroma,Color,Deposit,Origin,Region
730518,ALIVE GRAPEFRUIT,KIRKWOOD DIAMOND CANADA,COOLER,LIQUOR,LIQUOR,,9.1,300,5,,,0.4,NEW ZEALAND,
771340,ALIVE ICED TEA,KIRKWOOD DIAMOND CANADA,COOLER,LIQUOR,LIQUOR,,9.1,300,5,,,0.4,NEW ZEALAND,
503318,ALIVE LEMON LIME,KIRKWOOD DIAMOND CANADA,COOLER,LIQUOR,LIQUOR,,9.1,300,5,,,0.4,NEW ZEALAND,
152033,ALIVE MIXED BERRY,KIRKWOOD DIAMOND CANADA,COOLER,LIQUOR,LIQUOR,,9.1,300,5,,,0.4,NEW ZEALAND,
790173,AMERICAN VINTAGE GREEN TEA,RTD CANADA INC.,COOLER,LIQUOR,LIQUOR,,11.05,355,5,,,0.6,CANADA,BRITISH COLUMBIA
769842,AMERICAN VINTAGE HARD ICED TEA LEMON 6PK,RTD CANADA INC.,COOLER,LIQUOR,LIQUOR,,11.05,355,5,,,0.6,CANADA,BRITISH COLUMBIA
769843,AMERICAN VINTAGE HARD ICED TEA LEMON12PK,RTD CANADA INC.,COOLER,LIQUOR,LIQUOR,,23,355,5,,,1.2,CANADA,BRITISH COLUMBIA
771465,AMERICAN VINTAGE HARD ICED TEA VARIETY,RTD CANADA INC.,COOLER,LIQUOR,LIQUOR,,23.15,355,5,,,1.2,CANADA,BRITISH COLUMBIA
771464,AMERICAN VINTAGE HARD PEACH ICED TEA,RTD CANADA INC.,COOLER,LIQUOR,LIQUOR,,11.05,355,5,,,0.6,CANADA,BRITISH COLUMBIA
790513,AMERICAN VINTAGE ICED TEA MIXER PACK,RTD CANADA INC.,COOLER,LIQUOR,LIQUOR,,23,355,5,,,1.2,CANADA,BRITISH COLUMBIA
779544,AMERICAN VINTAGE ICED TEA RASPBERRY,RTD CANADA INC.,COOLER,LIQUOR,LIQUOR,,11.05,355,5,,,0.6,CANADA,BRITISH COLUMBIA
785134,APPLE AHH RITA BY BUD LIME,LABATT ALBERTA BREWERY,COOLER,OTH FERMNTD BEV,OTHER,,18.42,236,6,,,1.2,CANADA,QUEBEC
549469,ARBOR MIST - BLACKBERRY MERLOT,VINCOR INTERNATIONAL INC.,COOLER,WINE,WINE,,6.2,750,6,,,0.1,UNITED STATES,CALIFORNIA
577080,ARBOR MIST - BLACKBERRY MERLOT,VINCOR INTERNATIONAL INC.,COOLER,WINE,WINE,,10.6,1500,6,,,0.25,UNITED STATES,CALIFORNIA
512996,ARBOR MIST - PEACH CHARDONNAY,VINCOR INTERNATIONAL INC.,COOLER,WINE,WINE,,6.2,750,6,,,0.1,UNITED STATES,CALIFORNIA
549345,ARBOR MIST - PEACH CHARDONNAY,VINCOR INTERNATIONAL INC.,COOLER,WINE,WINE,,10.6,1500,6,,,0.25,UNITED STATES,CALIFORNIA
533471,ARBOR MIST - SANGRIA - ZINFANDEL,VINCOR INTERNATIONAL INC.,COOLER,WINE,WINE,,6.2,750,6,,,0.1,UNITED STATES,CALIFORNIA
533489,ARBOR MIST - TROPICAL FRUIT - CHARDONNAY,VINCOR INTERNATIONAL INC.,COOLER,WINE,WINE,,6.2,750,6,,,0.1,UNITED STATES,CALIFORNIA
762777,ARBOR MIST FROZEN COCKTAIL PINA COLADA,VINCOR INTERNATIONAL INC.,COOLER,LIQUOR,LIQUOR,,2.46,296,5,,,0.1,UNITED STATES,NEW YORK
762778,ARBOR MIST FROZEN COCKTAIL STRAWBERRY DA,VINCOR INTERNATIONAL INC.,COOLER,LIQUOR,LIQUOR,,2.46,296,5,,,0.1,UNITED STATES,NEW YORK
762779,ARBOR MIST FROZENCOCKTAIL LIME MARGARITA,VINCOR INTERNATIONAL INC.,COOLER,LIQUOR,LIQUOR,,2.46,296,5,,,0.1,UNITED STATES,NEW YORK
762834,ARBOR MIST PEACH MOSCATO,VINCOR INTERNATIONAL INC.,COOLER,WINE,WINE,,6.2,750,6,,,0.1,UNITED STATES,NEW YORK
756180,ARBOR MIST PINK RASPBERRY MOSCATO,VINCOR INTERNATIONAL INC.,COOLER,WINE,WINE,,6.2,750,6,,,0.1,UNITED STATES,NEW YORK
743692,ARBOR MIST POMEGRANATE BERRY PINOT NOIR,VINCOR INTERNATIONAL INC.,COOLER,WINE,WINE,,6.2,750,6,,,0.1,UNITED STATES,NEW YORK
748883,ARBOR MIST STRAWBERRY MANGO MOSCATO,VINCOR INTERNATIONAL INC.,COOLER,WINE,WINE,,6.2,750,6,,,0.1,UNITED STATES,NEW YORK
743693,ARBOR MIST WHITE PEAR PINOT GRIGIO,VINCOR INTERNATIONAL INC.,COOLER,WINE,WINE,,6.2,750,6,,,0.1,UNITED STATES,NEW YORK
512988,ARBOR MIST-EXOTIC FRUITS-WHITE ZINFANDEL,VINCOR INTERNATIONAL INC.,COOLER,WINE,WINE,,6.2,750,6,,,0.1,UNITED STATES,CALIFORNIA
549329,ARBOR MIST-EXOTIC FRUITS-WHITE ZINFANDEL,VINCOR INTERNATIONAL INC.,COOLER,WINE,WINE,,10.6,1500,6,,,0.25,UNITED STATES,CALIFORNIA
512970,ARBOR MIST-STRAWBERRY-WHITE ZINFANDEL,VINCOR INTERNATIONAL INC.,COOLER,WINE,WINE,,6.2,750,6,,,0.1,UNITED STATES,CALIFORNIA
549337,ARBOR MIST-STRAWBERRY-WHITE ZINFANDEL,VINCOR INTERNATIONAL INC.,COOLER,WINE,WINE,,10.6,1500,6,,,0.25,UNITED STATES,CALIFORNIA
774109,BACARDI OAKHEART & COLA 473 ML,BACARDI CANADA INC.,COOLER,LIQUOR,LIQUOR,,2.55,473,7,,,0.1,CANADA,ONTARIO
793353,BARON ARTISANAL ROOT BEER,PURE GLOBAL IMPORTS INC.,COOLER,OTH FERMNTD BEV,OTHER,,13.29,355,5.9,,,0.6,CANADA,QUEBEC
740718,BARTLES & JAYMES EXOTIC BERRY,E & J GALLO WINERY CANADA LTD.,COOLER,OTH FERMNTD BEV,OTHER,,8.45,331,3.2,,,0.4,UNITED STATES,CALIFORNIA
740713,BARTLES & JAYMES FUZZY NAVEL,E & J GALLO WINERY CANADA LTD.,COOLER,OTH FERMNTD BEV,OTHER,,8.45,331,3.2,,,0.4,UNITED STATES,CALIFORNIA
740712,BARTLES & JAYMES MARGARITA,E & J GALLO WINERY CANADA LTD.,COOLER,OTH FERMNTD BEV,OTHER,,8.45,331,4,,,0.4,UNITED STATES,CALIFORNIA
740716,BARTLES & JAYMES MOJITO,E & J GALLO WINERY CANADA LTD.,COOLER,OTH FERMNTD BEV,OTHER,,8.45,331,4,,,0.4,UNITED STATES,CALIFORNIA
740714,BARTLES & JAYMES PINA COLADA,E & J GALLO WINERY CANADA LTD.,COOLER,OTH FERMNTD BEV,OTHER,,8.45,331,3.2,,,0.4,UNITED STATES,CALIFORNIA
740717,BARTLES & JAYMES SANGRIA,E & J GALLO WINERY CANADA LTD.,COOLER,OTH FERMNTD BEV,OTHER,,8.45,331,4,,,0.4,UNITED STATES,CALIFORNIA
740715,BARTLES & JAYMES STRAWBERRY DAIQUIRI,E & J GALLO WINERY CANADA LTD.,COOLER,OTH FERMNTD BEV,OTHER,,8.45,331,4,,,0.4,UNITED STATES,CALIFORNIA
689828,BETTY'S VODKA PEACH ICED TEA,CENTRAL CITY BREWERS & DISTILLERS LTD.,COOLER,LIQUOR,LIQUOR,,9.45,355,5,,,0.6,CANADA,BRITISH COLUMBIA
773232,BETTY'S VODKA RASPBERRY ICED TEA,CENTRAL CITY BREWERS & DISTILLERS LTD.,COOLER,LIQUOR,LIQUOR,,9.45,355,5,,,0.6,CANADA,BRITISH COLUMBIA
776475,BEVE POMELO ORANGE,DIAGEO CANADA INC.,COOLER,LIQUOR,LIQUOR,,10.67,355,5,,,0.6,CANADA,QUEBEC
792535,BINGTANBOK,COBEES ENTERPRISE LTD.,COOLER,WINE,WINE,,6.49,370,7,,,0.1,KOREA (REPUBLIC OF),
781113,BLACK FLY GRAPE SOUR,BLACK FLY BEVERAGE COMPANY INC.,COOLER,LIQUOR,LIQUOR,,2.65,473,7,,,0.1,CANADA,ONTARIO
771360,BLACK FLY LONG ISLAND ICED TEA,BLACK FLY BEVERAGE COMPANY INC.,COOLER,LIQUOR,LIQUOR,,9.55,400,7,,,0.4,CANADA,ONTARIO
771357,BLACK FLY TEQUILA MARGARITA,BLACK FLY BEVERAGE COMPANY INC.,COOLER,LIQUOR,LIQUOR,,9.55,400,7,,,0.4,CANADA,ONTARIO
771363,BLACK FLY VODKA CRANBERRY MIXED DRINK,BLACK FLY BEVERAGE COMPANY INC.,COOLER,LIQUOR,LIQUOR,,9.55,400,7,,,0.4,CANADA,ONTARIO
781115,BLACK FLY VODKA GRAPEFRUIT,BLACK FLY BEVERAGE COMPANY INC.,COOLER,LIQUOR,LIQUOR,,9.55,400,7,,,0.4,CANADA,ONTARIO
789295,BLACK FLY VODKA SOUR RASPBERRY,BLACK FLY BEVERAGE COMPANY INC.,COOLER,LIQUOR,LIQUOR,,2.65,473,7,,,0.1,CANADA,ONTARIO
776511,BLACK FLY WHISKY SOUR,BLACK FLY BEVERAGE COMPANY INC.,COOLER,LIQUOR,LIQUOR,,1.84,473,7,,,0.1,CANADA,ONTARIO
767384,BLING PINK SPARKLING WINE IN A CAN,SOUTH BY SOUTHWEST WINE IMPORTS INC.,COOLER,WINE,WINE,,16.81,355,8,,,0.6,CANADA,BRITISH COLUMBIA
302141,BLING SPARKLING WHITE WINE IN A CAN,SOUTH BY SOUTHWEST WINE IMPORTS INC.,COOLER,WINE,WINE,,16.81,355,8,,,0.6,CANADA,BRITISH COLUMBIA
419317,BOONE'S SANGRIA,E & J GALLO WINERY CANADA LTD.,COOLER,WINE,WINE,,3.49,750,6.5,,,0.1,UNITED STATES,CALIFORNIA
363689,BOONE'S SNOW CREEK BERRY,E & J GALLO WINERY CANADA LTD.,COOLER,WINE,WINE,,3.49,750,5,,,0.1,UNITED STATES,CALIFORNIA
279158,BOONE'S STRAWBERRY HILL,E & J GALLO WINERY CANADA LTD.,COOLER,WINE,WINE,,3.49,750,7.5,,,0.1,UNITED STATES,CALIFORNIA
363697,BOONE'S SUN PEAK PEACH,E & J GALLO WINERY CANADA LTD.,COOLER,WINE,WINE,,3.49,750,5,,,0.1,UNITED STATES,CALIFORNIA
363671,BOONE'S TROPICAL,E & J GALLO WINERY CANADA LTD.,COOLER,WINE,WINE,,3.49,750,5,,,0.1,UNITED STATES,CALIFORNIA
775819,BOONES COOL RASPBERRY,E & J GALLO WINERY CANADA LTD.,COOLER,WINE,WINE,,3.49,750,3,,,0.1,UNITED STATES,CALIFORNIA
766640,BOONES EXOTIC BERRY,E & J GALLO WINERY CANADA LTD.,COOLER,OTH FERMNTD BEV,OTHER,,3.49,750,3,,,0.1,UNITED STATES,CALIFORNIA
740643,BOONES PINA COLADA,E & J GALLO WINERY CANADA LTD.,COOLER,OTH FERMNTD BEV,OTHER,,3.49,750,4,,,0.1,UNITED STATES,CALIFORNIA
721899,BOONES STRAWBERRY DAIQUIRI,E & J GALLO WINERY CANADA LTD.,COOLER,WINE,WINE,,3.49,750,4,,,0.1,UNITED STATES,CALIFORNIA
777234,BOXER APPLE ALE 18X710ML CANS 7%ABV,MCBSW SALES COMPANY INC.,COOLER,OTH FERMNTD BEV,OTHER,,3.9,710,7,,,0.1,UNITED STATES,WISCONSIN
762264,BOXER APPLE ALE 24X710 ML CANS 7%ABV,MCBSW SALES COMPANY INC.,COOLER,OTH FERMNTD BEV,OTHER,,3.91,710,7,,,0.1,UNITED STATES,WISCONSIN
765419,BOXER APPLE ALE 58.60L KEG,MCBSW SALES COMPANY INC.,COOLER,OTH FERMNTD BEV,OTHER,,221.71,58674,7,,,0,UNITED STATES,WISCONSIN
764124,BOXER BUBBLY 24X710 ML CANS 7% ABV,MCBSW SALES COMPANY INC.,COOLER,OTH FERMNTD BEV,OTHER,,3.91,710,7,,,0.1,UNITED STATES,WISCONSIN
783458,BOXER HARD APPLE ALE 4X6X330ML BOTTLES,MCBSW SALES COMPANY INC.,COOLER,OTH FERMNTD BEV,OTHER,,11.53,330,5.5,,,0.6,UNITED STATES,WISCONSIN
790423,BOXER HARD BLACK CHERRY 4X6X355ML CANS,MCBSW SALES COMPANY INC.,COOLER,OTH FERMNTD BEV,OTHER,,11.73,355,5.5,,,0.6,UNITED STATES,WISCONSIN
783145,BOXER HARD BLACKCHERRY 4X6X330ML BOTTLES,MCBSW SALES COMPANY INC.,COOLER,OTH FERMNTD BEV,OTHER,,11.53,330,5.5,,,0.6,UNITED STATES,WISCONSIN
783148,BOXER HARD BLUEBERRY 4X6X330ML BOTTLES,MCBSW SALES COMPANY INC.,COOLER,OTH FERMNTD BEV,OTHER,,11.53,330,5.5,,,0.6,UNITED STATES,WISCONSIN
783460,BOXER HARD CALIMOCHO 4X6X330ML BOTTLES,MCBSW SALES COMPANY INC.,COOLER,OTH FERMNTD BEV,OTHER,,11.53,330,5.5,,,0.6,UNITED STATES,WISCONSIN
783138,BOXER HARD CREAM SODA 4X6X330ML BOTTLES,MCBSW SALES COMPANY INC.,COOLER,OTH FERMNTD BEV,OTHER,,11.53,330,5.5,,,0.6,UNITED STATES,WISCONSIN
790424,BOXER HARD CREAM SODA 4X6X355ML CANS,MCBSW SALES COMPANY INC.,COOLER,OTH FERMNTD BEV,OTHER,,11.73,355,5.5,,,0.6,UNITED STATES,WISCONSIN
783459,BOXER HARD GINGERBEER 4X6X330ML BOTTLES,MCBSW SALES COMPANY INC.,COOLER,OTH FERMNTD BEV,OTHER,,11.53,330,5.5,,,0.6,UNITED STATES,WISCONSIN
780742,BOXER HARD GRAPE 4X6X330ML BOTTLES,MCBSW SALES COMPANY INC.,COOLER,OTH FERMNTD BEV,OTHER,,11.53,330,5.5,,,0.6,UNITED STATES,WISCONSIN
783147,BOXER HARD GRAPE SODA 2X12X330ML BOTTLES,MCBSW SALES COMPANY INC.,COOLER,OTH FERMNTD BEV,OTHER,,20.98,330,5.5,,,1.2,UNITED STATES,WISCONSIN
790427,BOXER HARD GRAPE SODA 4X6X355ML CANS,MCBSW SALES COMPANY INC.,COOLER,OTH FERMNTD BEV,OTHER,,11.73,355,5.5,,,0.6,UNITED STATES,WISCONSIN
787768,BOXER HARD MLEMON SELTZER 4X6X355ML CANS,MCBSW SALES COMPANY INC.,COOLER,OTH FERMNTD BEV,OTHER,,11.73,355,5,,,0.6,UNITED STATES,WISCONSIN
783461,BOXER HARD OLDFASHION4X6X330ML BOTTLES,MCBSW SALES COMPANY INC.,COOLER,OTH FERMNTD BEV,OTHER,,11.53,330,5.5,,,0.6,UNITED STATES,WISCONSIN
788358,BOXER HARD ORANGE FLOAT 4X6X330 BOTTLES,MCBSW SALES COMPANY INC.,COOLER,OTH FERMNTD BEV,OTHER,,12.51,330,5.5,,,0.6,UNITED STATES,WISCONSIN
787769,BOXER HARD POM SELTZER 4X6X355ML CANS,MCBSW SALES COMPANY INC.,COOLER,OTH FERMNTD BEV,OTHER,,11.73,355,5,,,0.6,UNITED STATES,WISCONSIN
780741,BOXER HARD ROOT BEER 4X6X330ML BOTTLES,MCBSW SALES COMPANY INC.,COOLER,OTH FERMNTD BEV,OTHER,,11.53,330,5.5,,,0.6,UNITED STATES,WISCONSIN
787003,BOXER HARD ROOT BEER 4X6X355ML CANS,MCBSW SALES COMPANY INC.,COOLER,OTH FERMNTD BEV,OTHER,,11.73,355,5.5,,,0.6,UNITED STATES,WISCONSIN
781264,BOXER HARD ROOT BEER 58.674L KEG,MCBSW SALES COMPANY INC.,COOLER,OTH FERMNTD BEV,OTHER,,260.79,58674,5.5,,,0,UNITED STATES,WISCONSIN
788357,BOXER HARD ROOT BEER FLOAT 330ML BOTTLES,MCBSW SALES COMPANY INC.,COOLER,OTH FERMNTD BEV,OTHER,,12.51,330,5.5,,,0.6,UNITED STATES,WISCONSIN
792036,BOXER HARD SODA 15 PACK VARIETY,MCBSW SALES COMPANY INC.,COOLER,OTH FERMNTD BEV,OTHER,,26.97,355,5.5,,,1.5,UNITED STATES,WISCONSIN
777235,BOXER WATERMELON 18X710ML CANS 7%ABV,MCBSW SALES COMPANY INC.,COOLER,OTH FERMNTD BEV,OTHER,,3.9,710,7,,,0.1,UNITED STATES,WISCONSIN
761748,BOXER WATERMELON 24X710 ML CANS 7%ABV,MCBSW SALES COMPANY INC.,COOLER,OTH FERMNTD BEV,OTHER,,3.91,710,7,,,0.1,UNITED STATES,WISCONSIN
788480,BREEZER CHERRY LEMONADE,BACARDI CANADA INC.,COOLER,LIQUOR,LIQUOR,,10.67,355,5,,,0.6,CANADA,ONTARIO
788485,BREEZER FRIDGE PACK,BACARDI CANADA INC.,COOLER,LIQUOR,LIQUOR,,20.55,355,5,,,1.2,CANADA,ONTARIO
788484,BREEZER ISLAND PINEAPPLE,BACARDI CANADA INC.,COOLER,LIQUOR,LIQUOR,,10.67,355,5,,,0.6,CANADA,ONTARIO
788481,BREEZER JUICY MANGO,BACARDI CANADA INC.,COOLER,LIQUOR,LIQUOR,,10.67,355,5,,,0.6,CANADA,ONTARIO
788482,BREEZER PINA COLADA,BACARDI CANADA INC.,COOLER,LIQUOR,LIQUOR,,10.67,355,5,,,0.6,CANADA,ONTARIO
788487,BREEZER PINA COLADA,BACARDI CANADA INC.,COOLER,LIQUOR,LIQUOR,,5.26,1000,5,,,0.1,CANADA,ONTARIO
799566,BREEZER SPARKLING GRAPEFRUIT MANDARIN,BACARDI CANADA INC.,COOLER,LIQUOR,LIQUOR,,9.67,355,5,,,0.6,CANADA,ONTARIO
799565,BREEZER SPARKLING RASPBERRY LEMON,BACARDI CANADA INC.,COOLER,LIQUOR,LIQUOR,,9.67,355,5,,,0.6,CANADA,ONTARIO
788483,BREEZER STRAWBERRY DAIQUIRI,BACARDI CANADA INC.,COOLER,LIQUOR,LIQUOR,,10.67,355,5,,,0.6,CANADA,ONTARIO
780047,BREEZER TROPICAL ORANGE SMOOTHIE 6-PACK,BACARDI CANADA INC.,COOLER,LIQUOR,LIQUOR,,10.67,355,5,,,0.6,CANADA,ONTARIO
772285,BREEZER TROPICAL ORANGE SMOTHIE PET,BACARDI CANADA INC.,COOLER,LIQUOR,LIQUOR,,5.51,1000,5,,,0.1,CANADA,ONTARIO
799564,BREEZER WATERMELON BERRY,BACARDI CANADA INC.,COOLER,LIQUOR,LIQUOR,,9.67,355,5,,,0.6,CANADA,ONTARIO
790190,BUD LIME CHERRY RITA,LABATT ALBERTA BREWERY,COOLER,OTH FERMNTD BEV,OTHER,,18.42,236,6,,,1.2,CANADA,QUEBEC
780115,BUD LIME STRAW-BER-RITA 6 CAN,LABATT ALBERTA BREWERY,COOLER,OTH FERMNTD BEV,OTHER,,13.52,355,6,,,0.6,CANADA,ONTARIO
780113,BUD LIME-A-RITA 6 CAN,LABATT ALBERTA BREWERY,COOLER,OTH FERMNTD BEV,OTHER,,13.52,355,6,,,0.6,CANADA,ONTARIO
177865,CALIFORNIA COOLER ORANGE,RTD CANADA INC.,COOLER,WINE,WINE,,9.71,2000,6,,,0.25,CANADA,BRITISH COLUMBIA
190868,CANADA COOLER FROSTY PEACH,VINCOR INTERNATIONAL INC.,COOLER,WINE,WINE,,10.59,2000,4.5,,,0.25,CANADA,ALBERTA
382549,CANADA COOLER ORANGE A'PEEL,VINCOR INTERNATIONAL INC.,COOLER,WINE,WINE,,10.59,2000,4.5,,,0.25,CANADA,BRITISH COLUMBIA
172007,CANADA COOLER ORIGINAL,VINCOR INTERNATIONAL INC.,COOLER,WINE,WINE,,10.59,2000,4,,,0.25,CANADA,ALBERTA
190884,CANADA COOLER ROCKABERRY,VINCOR INTERNATIONAL INC.,COOLER,WINE,WINE,,10.59,2000,4.5,,,0.25,CANADA,ALBERTA
214916,CANADA COOLER TROPIKIWI,VINCOR INTERNATIONAL INC.,COOLER,WINE,WINE,,10.59,2000,4.5,,,0.25,CANADA,ALBERTA
748971,CANADIAN CLUB & COLA,BEAM GLOBAL CANADA,COOLER,LIQUOR,LIQUOR,,2.81,473,6,,,0.1,CANADA,ONTARIO
748973,CANADIAN CLUB & COLA,BEAM GLOBAL CANADA,COOLER,LIQUOR,LIQUOR,,11.97,355,6,,,0.6,CANADA,ONTARIO
748970,CANADIAN CLUB & GINGER,BEAM GLOBAL CANADA,COOLER,LIQUOR,LIQUOR,,2.81,473,6,,,0.1,CANADA,ONTARIO
748972,CANADIAN CLUB & GINGER,BEAM GLOBAL CANADA,COOLER,LIQUOR,LIQUOR,,11.97,355,6,,,0.6,CANADA,ONTARIO
704554,CANELLA BELLINI,EMPSON (CANADA)  INC.,COOLER,WINE,WINE,,11.5,750,7,,,0.1,ITALY,VENETO
750411,CANELLA BELLINI,EMPSON (CANADA)  INC.,COOLER,WINE,WINE,,3.92,250,5,,,0.1,ITALY,VENETO
733109,CANELLA MIMOSA,EMPSON (CANADA)  INC.,COOLER,WINE,WINE,,11.5,750,7,,,0.1,ITALY,VENETO
779170,CAPTAIN MORGAN SPIKED COLA 4PK,DIAGEO CANADA INC.,COOLER,LIQUOR,LIQUOR,,9.69,473,7,,,0.4,CANADA,QUEBEC
779166,CAPTAIN MORGAN SPIKED ROOT BEER,DIAGEO CANADA INC.,COOLER,LIQUOR,LIQUOR,,9.69,473,7,,,0.4,CANADA,QUEBEC
779172,CAPTAIN MORGAN SPIKED TEA 4PK,DIAGEO CANADA INC.,COOLER,LIQUOR,LIQUOR,,9.69,473,7,,,0.4,CANADA,QUEBEC
781273,CHUM CHURUM - APPLE,COBEES ENTERPRISE LTD.,COOLER,LIQUOR,LIQUOR,,7.15,360,12,,,0.1,KOREA (REPUBLIC OF),
777697,CHUM CHURUM - CITRON,COBEES ENTERPRISE LTD.,COOLER,LIQUOR,LIQUOR,,7.19,360,14,,,0.1,KOREA (REPUBLIC OF),
790874,CHUM CHURUM - PEACH,COBEES ENTERPRISE LTD.,COOLER,LIQUOR,LIQUOR,,7.15,360,12,,,0.1,KOREA (REPUBLIC OF),
241505,COCO FRIO,BEERTHIRST,COOLER,LIQUOR,LIQUOR,,9.25,355,5,,,0.4,CANADA,BRITISH COLUMBIA
782063,CONEY ISLAND GINGER ALE 6PK BOTTLE,MOOSEHEAD BREWERIES LIMITED,COOLER,OTH FERMNTD BEV,OTHER,,13.68,355,5.6,,,0.6,UNITED STATES,PENNSYLVANIA
791644,CONEY ISLAND LEMON LIME ALE 6PK BOTTLE,MOOSEHEAD BREWERIES LIMITED,COOLER,OTH FERMNTD BEV,OTHER,,13.68,355,5.4,,,0.6,UNITED STATES,PENNSYLVANIA
782062,CONEY ISLAND ORANGE CREAM ALE 6PK BOTTLE,MOOSEHEAD BREWERIES LIMITED,COOLER,OTH FERMNTD BEV,OTHER,,13.68,355,5,,,0.6,UNITED STATES,PENNSYLVANIA
782011,CONEY ISLAND ROOT BEER 6PK BOTTLE,MOOSEHEAD BREWERIES LIMITED,COOLER,OTH FERMNTD BEV,OTHER,,13.68,355,5.8,,,0.6,UNITED STATES,PENNSYLVANIA
774432,CRABBIE'S FRUITS ZESTY LEMON,RIVER VALLEY BEVERAGE,COOLER,LIQUOR,LIQUOR,,9.46,330,4,,,0.4,UNITED KINGDOM,ENGLAND
776317,CRABBIE'S ORIGINAL ALCOHOLIC GINGER 4PK,RIVER VALLEY BEVERAGE,COOLER,WINE,WINE,,10.75,330,4,,,0.4,UNITED KINGDOM,ENGLAND
766112,CRABBIE'S RASPBERRY ALCOHOLIC GINGER,RIVER VALLEY BEVERAGE,COOLER,WINE,WINE,,4.59,500,4,,,0.1,UNITED KINGDOM,ENGLAND
738008,CRABBIES ALCOHOLIC GINGER,RIVER VALLEY BEVERAGE,COOLER,WINE,WINE,,4.59,500,4,,,0.1,UNITED KINGDOM,ENGLAND
755242,CRABBIES ORANGE,RIVER VALLEY BEVERAGE,COOLER,WINE,WINE,,4.38,500,4,,,0.1,UNITED KINGDOM,ENGLAND
778156,CRAZY BEARD APPLE ALE,SPARK DISTRIBUTION,COOLER,OTH FERMNTD BEV,OTHER,,2.65,473,5.2,,,0.1,CANADA,ONTARIO
778618,CRAZY BEARD MAD GINGER BEER,SPARK DISTRIBUTION,COOLER,OTH FERMNTD BEV,OTHER,,2.65,473,5.2,,,0.1,CANADA,QUEBEC
785527,CRAZY UNCLE HARD CREAM SODA,CRUSH IMPORTS,COOLER,LIQUOR,LIQUOR,,2.71,473,5,,,0.1,CANADA,QUEBEC
779697,CRAZY UNCLE HARD ROOT BEER,CRUSH IMPORTS,COOLER,LIQUOR,LIQUOR,,2.75,473,5,,,0.1,CANADA,QUEBEC
785226,CRAZY UNCLE HARD ROOT BEER,CRUSH IMPORTS,COOLER,LIQUOR,LIQUOR,,10.86,473,5,,,0.4,CANADA,QUEBEC
770602,CRAZY UNCLE UBER CAESAR,CRUSH IMPORTS,COOLER,LIQUOR,LIQUOR,,9.51,1000,9,,,0.1,CANADA,QUEBEC
785673,CRAZY UNCLE X-HARD ROOT BEER,CRUSH IMPORTS,COOLER,LIQUOR,LIQUOR,,4.28,473,10,,,0.1,CANADA,QUEBEC
781588,DIABLA RED SANGRIA,AQUILINI BRANDS,COOLER,LIQUOR,LIQUOR,,10.95,355,7,,,0.6,CANADA,ALBERTA
800618,DIXONS GIN FUSION,PREMIUM WINE LIQUOR BEER IMPORTS,COOLER,LIQUOR,LIQUOR,,2.79,473,5,,,0.1,CANADA,ONTARIO
164145,DON SIMON SANGRIA,CHRISTOPHER STEWART WINE & SPIRITS INC.,COOLER,WINE,WINE,,16.86,3000,7,,,0.25,SPAIN,OTHER (SPANISH)
573501,DON SIMON SANGRIA 1.5,CHRISTOPHER STEWART WINE & SPIRITS INC.,COOLER,WINE,WINE,,9.68,1500,7,,,0.25,SPAIN,OTHER (SPANISH)
773569,DON SIMON SANGRIA 750ML,CHRISTOPHER STEWART WINE & SPIRITS INC.,COOLER,WINE,WINE,,5.05,750,7,,,0.1,SPAIN,OTHER (SPANISH)
771339,DOS LOCOS - TEQUILA & STRAWBERRY 440ML,KIRKWOOD DIAMOND CANADA,COOLER,LIQUOR,LIQUOR,,2.83,440,7,,,0.1,NEW ZEALAND,
149245,DOS LOCOS LIME,KIRKWOOD DIAMOND CANADA,COOLER,LIQUOR,LIQUOR,,2.83,440,7,,,0.1,NEW ZEALAND,
766065,DR. ZENZEN BATTISTA BRASIL,BEVERAGE INTERNATIONAL DISTRIBUTOR,COOLER,WINE,WINE,,9.39,750,6.9,,WHITE,0.1,GERMANY,MOSEL - SAAR - RUWER
766063,DR. ZENZEN ZENTINI ROSE PAMPLEMOUSSE,BEVERAGE INTERNATIONAL DISTRIBUTOR,COOLER,WINE,WINE,,8,750,8,,BLUSH,0.1,GERMANY,MOSEL - SAAR - RUWER
787277,DUSTY BOOTS HARD CHERRY COLA,SPARK DISTRIBUTION,COOLER,OTH FERMNTD BEV,OTHER,,12.3,355,5.9,,,0.6,CANADA,QUEBEC
791546,DUSTY BOOTS HARD ORANGE CREAM,SPARK DISTRIBUTION,COOLER,OTH FERMNTD BEV,OTHER,,12.3,355,5.9,,,0.6,CANADA,QUEBEC
787551,DUSTY BOOTS HARD ROOT BEER (2X12 CANS),SPARK DISTRIBUTION,COOLER,OTH FERMNTD BEV,OTHER,,23.5,355,5.9,,,1.2,CANADA,QUEBEC
778619,DUSTY BOOTS HARD ROOT BEER 6 BTLS,SPARK DISTRIBUTION,COOLER,OTH FERMNTD BEV,OTHER,,13.48,355,5.9,,,0.6,CANADA,QUEBEC
783083,DUSTY BOOTS HARD ROOT BEER 6 CANS,SPARK DISTRIBUTION,COOLER,OTH FERMNTD BEV,OTHER,,12.3,355,5.9,,,0.6,CANADA,QUEBEC
740155,EDEN'S BREEZE,BEVERAGE INTERNATIONAL DISTRIBUTOR,COOLER,WINE,WINE,,8.94,750,6.5,,,0.1,SOUTH AFRICA,
742287,EL JIMADOR NEW MIX MARGARITA,BF CANADA - A DIVISION OF THE HIVE,COOLER,LIQUOR,LIQUOR,,9.19,355,5,,,0.4,MEXICO,
774711,ERISTOFF CLEAR CUT,BACARDI CANADA INC.,COOLER,LIQUOR,LIQUOR,,1.89,473,7,,,0.1,CANADA,ONTARIO
766863,FALLENTIMBER MEADERY - HOPPED MEAD,FALLENTIMBER MEADERY,COOLER,WINE,WINE,,7.15,500,7.5,,,0.1,CANADA,ALBERTA
797863,FALLENTIMBER MEADERY - MEADJITO CL,FALLENTIMBER MEADERY,COOLER,WINE,WINE,,7.3,500,5.5,,,0.1,CANADA,ALBERTA
789442,FOUR LOKO FRUIT PUNCH,PURE GLOBAL IMPORTS INC.,COOLER,OTH FERMNTD BEV,OTHER,,5.86,568,11.9,,,0.1,CANADA,QUEBEC
789443,FOUR LOKO PEACH,PURE GLOBAL IMPORTS INC.,COOLER,OTH FERMNTD BEV,OTHER,,5.86,568,11.9,,,0.1,CANADA,QUEBEC
789448,FOUR LOKO STRAWBERRY LEMONADE,PURE GLOBAL IMPORTS INC.,COOLER,OTH FERMNTD BEV,OTHER,,5.86,568,11.9,,,0.1,CANADA,QUEBEC
789441,FOUR LOKO WATERMELON,PURE GLOBAL IMPORTS INC.,COOLER,OTH FERMNTD BEV,OTHER,,5.86,568,11.9,,,0.1,CANADA,QUEBEC
117341,G&W DISTILLING NUTRL SODA-LEMON 6PK,49TH PARALLEL GROUP INC.,COOLER,LIQUOR,LIQUOR,,10.95,355,5,,,0.6,CANADA,BRITISH COLUMBIA
789276,GIRL'S NIGHT OUT MIMOSA,RIVER VALLEY BEVERAGE,COOLER,WINE,WINE,,4.98,750,6.5,,,0.1,CANADA,ONTARIO
790569,GIRL'S NIGHT OUT PEACH RASPBERRY RUMBA,RIVER VALLEY BEVERAGE,COOLER,WINE,WINE,,12.49,1500,6.5,,,0.25,CANADA,ONTARIO
777962,GIRLS' NIGHT OUT CHOC-RASPBERRY TRUFFLE,RIVER VALLEY BEVERAGE,COOLER,WINE,WINE,,6.98,750,6.5,,,0.1,CANADA,ONTARIO
765380,GIRLS' NIGHT OUT CITRUSBERRY TWIST,RIVER VALLEY BEVERAGE,COOLER,WINE,WINE,,6.24,750,6.5,,,0.1,CANADA,ONTARIO
765382,GIRLS' NIGHT OUT PINEAPPLE MANGO TANGO,RIVER VALLEY BEVERAGE,COOLER,WINE,WINE,,6.24,750,6.5,,,0.1,CANADA,ONTARIO
772678,GIRLS' NIGHT OUT SANGRIA,RIVER VALLEY BEVERAGE,COOLER,WINE,WINE,,6.98,750,6.5,,,0.1,CANADA,ONTARIO
765381,GIRLS' NIGHT OUT STRAWBERRY SAMBA,RIVER VALLEY BEVERAGE,COOLER,WINE,WINE,,6.24,750,6.5,,,0.1,CANADA,ONTARIO
765379,GIRLS' NIGHT OUT VERY BERRY BOMBA,RIVER VALLEY BEVERAGE,COOLER,WINE,WINE,,6.24,750,6.5,,,0.1,CANADA,ONTARIO
799848,GROUND STATE COLD HARD COFFEE,BACARDI CANADA INC.,COOLER,LIQUOR,LIQUOR,,2.5,473,7,,,0.1,CANADA,ONTARIO
449819,GWD MIKE'S HARD CRANBERRY LEMONADE,RTD CANADA INC.,COOLER,LIQUOR,LIQUOR,,9.16,330,5,,,0.4,CANADA,BRITISH COLUMBIA
428334,GWD MIKE'S HARD LEMONADE,RTD CANADA INC.,COOLER,LIQUOR,LIQUOR,,9.16,330,5,,,0.4,CANADA,BRITISH COLUMBIA
605840,GWD MIKE'S HARD LEMONADE,RTD CANADA INC.,COOLER,LIQUOR,LIQUOR,,25.41,330,5,,,1.2,CANADA,BRITISH COLUMBIA
758236,HALF AND HALF ICED T 18,MOOSEHEAD BREWERIES LIMITED,COOLER,OTH FERMNTD BEV,OTHER,,1.75,355,5,,,0.1,UNITED STATES,PENNSYLVANIA
778413,HARRY BROMPTON'S LONDON ICE TEA,KIRKWOOD DIAMOND CANADA,COOLER,LIQUOR,LIQUOR,,3.68,330,4,,,0.4,UNITED KINGDOM,ENGLAND
801088,HENRY'S HARD SODA GRAPE 6 BOTTLE,MOLSON CANADA 2005,COOLER,OTH FERMNTD BEV,OTHER,,11.91,355,4.2,,,0.6,CANADA,QUEBEC
791500,HEY Y'ALL 2017 PORCH PACK,NORTHAM BEVERAGES,COOLER,LIQUOR,LIQUOR,,21.89,341,5,,,1.2,CANADA,ALBERTA
778623,HEY Y'ALL GEORGIA PEACH HARD ICED TEA,NORTHAM BEVERAGES,COOLER,LIQUOR,LIQUOR,,11.75,341,5,,,0.6,CANADA,ALBERTA
522318,HEY Y'ALL HARD ICED TEA & LEMONADE,NORTHAM BEVERAGES,COOLER,LIQUOR,LIQUOR,,11.75,341,5,,,0.6,CANADA,ALBERTA
867341,HEY Y'ALL HUCKLEBERRY ICED TEA,NORTHAM BEVERAGES,COOLER,LIQUOR,LIQUOR,,11.75,341,5,,,0.6,CANADA,ALBERTA
799632,HEY Y'ALL KENTUCKY BOURBON ICED TEA,NORTHAM BEVERAGES,COOLER,LIQUOR,LIQUOR,,2.77,458,7,,,0.1,CANADA,ALBERTA
612697,HEY Y'ALL PORCH PACK,NORTHAM BEVERAGES,COOLER,LIQUOR,LIQUOR,,20.12,341,5,,,1.2,CANADA,ALBERTA
824920,HEY Y'ALL SOUTHERN STYLE HARD ICED TEA,NORTHAM BEVERAGES,COOLER,LIQUOR,LIQUOR,,11.75,341,5,,,0.6,CANADA,ALBERTA
667873,HEY Y'ALL TAILGATE HARD ICED TEA 12 PACK,NORTHAM BEVERAGES,COOLER,LIQUOR,LIQUOR,,21.12,341,5,,,1.2,CANADA,ALBERTA
799633,HEY Y'ALL TEXAS TEQUILA ICED TEA,NORTHAM BEVERAGES,COOLER,LIQUOR,LIQUOR,,2.77,458,7,,,0.1,CANADA,ALBERTA
791496,HEY Y'ALL WATERMELON HARD ICED TEA,NORTHAM BEVERAGES,COOLER,LIQUOR,LIQUOR,,11.75,341,5,,,0.6,CANADA,ALBERTA
758930,HIPSHOTS BELLINI BOMB 24 X 200ML,HIGHWOOD DISTILLERS LTD.,COOLER,LIQUOR,LIQUOR,,3.95,200,16,,,0.1,CANADA,ALBERTA
758931,HIPSHOTS BURT BOMB 24 X 200ML,HIGHWOOD DISTILLERS LTD.,COOLER,LIQUOR,LIQUOR,,3.95,200,16,,,0.1,CANADA,ALBERTA
799939,HIRES CREAM SODA & VODKA,APPELLATION WINE MARKETING LTD.,COOLER,LIQUOR,LIQUOR,,2.64,473,5,,,0.1,CANADA,ONTARIO
787691,HIRES ROOT BEER AND VODKA,APPELLATION WINE MARKETING LTD.,COOLER,LIQUOR,LIQUOR,,2.64,473,5,,,0.1,CANADA,ONTARIO
778568,HOLLOWS & FENTIMANS GINGER BREW (ALC),INFORM BROKERAGE INC.,COOLER,OTH FERMNTD BEV,GINGER BEER,,4.12,500,4,,,0.1,UNITED KINGDOM,ENGLAND
789064,HOOPER'S BRITISH ROOT BEER,RIVER VALLEY BEVERAGE,COOLER,WINE,WINE,,2.98,500,4,,,0.1,UNITED KINGDOM,ENGLAND
764210,HOOPER'S CLOUDY LEMONADE,RIVER VALLEY BEVERAGE,COOLER,WINE,WINE,,3.59,500,4,,,0.1,UNITED KINGDOM,ENGLAND
764207,HOOPER'S STRAWBERRY AND ELDERFLOWER,RIVER VALLEY BEVERAGE,COOLER,WINE,WINE,,3.59,500,4,,,0.1,UNITED KINGDOM,ENGLAND
789643,ICE TROPEZ COCKTAIL,EXCESS WINES INC.,COOLER,WINE,WINE,,5.92,275,6.5,,,0.1,FRANCE,OTHER (FRENCH)
764833,ICEBERG BEER FLOAT - 1.75 PAIL - 4 CASE,ALLEN BRANDS INC.,COOLER,LIQUOR,LIQUOR,,10.28,1750,6.8,,,0.25,CANADA,BRITISH COLUMBIA
739133,JACK & COLA,BF CANADA - A DIVISION OF THE HIVE,COOLER,LIQUOR,LIQUOR,,8.99,355,6,,,0.4,UNITED STATES,KENTUCKY
739132,JACK & COLA 473ML,BF CANADA - A DIVISION OF THE HIVE,COOLER,LIQUOR,LIQUOR,,2.99,473,6,,,0.1,UNITED STATES,KENTUCKY
791025,JACK DANIEL'S APPLE 473ML,BF CANADA - A DIVISION OF THE HIVE,COOLER,LIQUOR,LIQUOR,,2.99,473,5,,,0.1,UNITED STATES,INDIANA
781589,JAW DROP SQUIRTING ORANGES,AQUILINI BRANDS,COOLER,LIQUOR,LIQUOR,,10.95,355,7,,,0.6,CANADA,ALBERTA
781591,JAW DROP SUCKING LEMONS,AQUILINI BRANDS,COOLER,LIQUOR,LIQUOR,,10.95,355,7,,,0.6,CANADA,ALBERTA
781590,JAW DROP TICKLING PINK,AQUILINI BRANDS,COOLER,LIQUOR,LIQUOR,,10.95,355,7,,,0.6,CANADA,ALBERTA
763561,JD COUNTRY COCKTAILS - DOWNHOME PUNCH,BF CANADA - A DIVISION OF THE HIVE,COOLER,LIQUOR,LIQUOR,,12.93,296,5,,,0.6,UNITED STATES,KENTUCKY
763564,JD COUNTRY COCKTAILS LYNCHBURG LEMONADE,BF CANADA - A DIVISION OF THE HIVE,COOLER,LIQUOR,LIQUOR,,12.93,296,5,,,0.6,UNITED STATES,TENNESSEE
763563,JD COUNTRY COCKTAILS WATERMELON PUNCH,BF CANADA - A DIVISION OF THE HIVE,COOLER,LIQUOR,LIQUOR,,12.93,296,5,,,0.6,UNITED STATES,TENNESSEE
791184,JD COUNTRY COCKTAILS- SOUTHERN PEACH 6PK,BF CANADA - A DIVISION OF THE HIVE,COOLER,LIQUOR,LIQUOR,,12.92,296,5,,,0.6,UNITED STATES,KENTUCKY
772847,JEREMIAH WEED SPIKED ICED TEA LEMON,DIAGEO CANADA INC.,COOLER,OTH FERMNTD BEV,OTHER,,10.08,355,5,,,0.6,UNITED STATES,ILLINOIS
772849,JEREMIAH WEED SPIKED ICED TEA PEACH,DIAGEO CANADA INC.,COOLER,OTH FERMNTD BEV,OTHER,,10.08,355,5,,,0.6,UNITED STATES,ILLINOIS
772850,JEREMIAH WEED SPIKED ICED TEA-RASPBERRY,DIAGEO CANADA INC.,COOLER,OTH FERMNTD BEV,OTHER,,10.08,355,5,,,0.6,UNITED STATES,ILLINOIS
480012,JINRO MAKGULI 750,WOOREE TRADING LTD.,COOLER,WINE,WINE,,6.1,750,6,,,0.1,KOREA (REPUBLIC OF),
795143,JOE STIFFS COLD PRESSED COFFEE COLA,NORTHAM BEVERAGES,COOLER,LIQUOR,LIQUOR,,8.42,355,5,,,0.6,CANADA,BRITISH COLUMBIA
795144,JOE STIFFS REAL GINGER ROOT ALE,NORTHAM BEVERAGES,COOLER,LIQUOR,LIQUOR,,8.42,355,5,,,0.6,CANADA,BRITISH COLUMBIA
768168,JOSE CUERVO AUTHENTIC LIME MARGARITA,PROXIMO SPIRITS CANADA  INC.,COOLER,LIQUOR,LIQUOR,,18.5,1750,9.95,,,0.25,UNITED STATES,INDIANA
779096,JOSE CUERVO LIME MARGARITA COOLER,PROXIMO SPIRITS CANADA  INC.,COOLER,LIQUOR,LIQUOR,,8.8,355,5,,,0.4,UNITED STATES,INDIANA
788526,JOSE CUERVO SPARKLING GRAPEFRUIT PALOMA,PROXIMO SPIRITS CANADA  INC.,COOLER,LIQUOR,LIQUOR,,8.81,355,5,,,0.4,UNITED STATES,INDIANA
792239,KAFER BELLINI COCKTAIL PEACH,CHRISTOPHER STEWART WINE & SPIRITS INC.,COOLER,WINE,WINE,,8.98,750,5.5,,,0.1,GERMANY,OTHER (GERMAN)
792237,KAFER BELLINI COCKTAIL RASPBERRY,CHRISTOPHER STEWART WINE & SPIRITS INC.,COOLER,WINE,WINE,,8.98,750,5.5,,,0.1,GERMANY,OTHER (GERMAN)
1132969,KIRKLAND SIGNATURE CLASSIC RED SANGRIA,SELECT WINES,COOLER,WINE,WINE,,10.63,1500,6,,,0.25,SPAIN,OTHER (SPANISH)
783286,LAZY MUTT GINGER BEER 12X650ML (CLS),MCBSW SALES COMPANY INC.,COOLER,OTH FERMNTD BEV,GINGER BEER,,4.83,650,5.5,,,0.1,CANADA,ALBERTA
783292,LAZY MUTT GINGER BEER 4X6X330ML,MCBSW SALES COMPANY INC.,COOLER,OTH FERMNTD BEV,GINGER BEER,,11.5,330,5,,,0.6,CANADA,ALBERTA
793554,LOLEA NO.5 ROSE,CHRISTOPHER STEWART WINE & SPIRITS INC.,COOLER,WINE,WINE,,11.41,750,8,,,0.1,SPAIN,OTHER (SPANISH)
798436,LOLEA RED CHINESE NEW YEAR,CHRISTOPHER STEWART WINE & SPIRITS INC.,COOLER,WINE,WINE,,11,750,7,,,0.1,SPAIN,CATALONIA
771240,MAD JACK,MOLSON CANADA 2005,COOLER,OTH FERMNTD BEV,OTHER,,24.98,355,5,,,1.2,CANADA,QUEBEC
791261,MAD JACK 7 SERIES MIXED PACK (SK),MOLSON CANADA 2005,COOLER,OTH FERMNTD BEV,OTHER,,10.95,236,7,,,0.8,CANADA,QUEBEC
781415,MAD JACK APPLE 6AR,MOLSON CANADA 2005,COOLER,OTH FERMNTD BEV,OTHER,,13.16,355,5,,,0.6,CANADA,QUEBEC
780989,MAD JACK CRAZY GOOD MIXER PACK,MOLSON CANADA 2005,COOLER,OTH FERMNTD BEV,OTHER,,24.98,355,5,,,1.2,CANADA,QUEBEC
788169,MAD JACK HARD CORE APPLE 710,MOLSON CANADA 2005,COOLER,OTH FERMNTD BEV,OTHER,,4.38,710,7,,,0.1,CANADA,QUEBEC
780901,MAD JACK ROOT BEER,MOLSON CANADA 2005,COOLER,OTH FERMNTD BEV,OTHER,,13.16,355,5,,,0.6,CANADA,QUEBEC
788168,MAD JACK SUCKERPUNCH LEMON 710,MOLSON CANADA 2005,COOLER,OTH FERMNTD BEV,OTHER,,4.38,710,7,,,0.1,CANADA,QUEBEC
1133060,MAMAMANGO - MOSCATO AND MANGO,SELECT WINES,COOLER,WINE,WINE,,8.01,750,6,,,0.1,ITALY,PIEDMONT
793981,MARTINI ROYALE BIANCO,BACARDI CANADA INC.,COOLER,WINE,WINE,,10.25,750,8,,,0.1,ITALY,OTHER (ITALY)
793982,MARTINI ROYALE ROSATO,BACARDI CANADA INC.,COOLER,WINE,WINE,,10.25,750,8,,,0.1,ITALY,OTHER (ITALY)
781519,MIKE'S HARD BLACK CHERRY 1L,RTD CANADA INC.,COOLER,LIQUOR,LIQUOR,,6.11,1000,5,,,0.1,CANADA,BRITISH COLUMBIA
790171,MIKE'S HARD BLACK CHERRY COLA,RTD CANADA INC.,COOLER,OTH FERMNTD BEV,OTHER,,12.31,355,5.5,,,0.6,CANADA,QUEBEC
739387,MIKE'S HARD BLACK CHERRY LEMONADE,RTD CANADA INC.,COOLER,LIQUOR,LIQUOR,,9.16,330,5,,,0.4,CANADA,BRITISH COLUMBIA
764260,MIKE'S HARD BLACK CHERRY LEMONADE,RTD CANADA INC.,COOLER,LIQUOR,LIQUOR,,12.01,355,5,,,0.6,CANADA,BRITISH COLUMBIA
758130,MIKE'S HARD BLACK CHERRY LEMONADE POUCH,RTD CANADA INC.,COOLER,LIQUOR,LIQUOR,,3.15,296,5,,,0.1,UNITED STATES,WISCONSIN
764261,MIKE'S HARD CRANBERRY LEMONADE,RTD CANADA INC.,COOLER,LIQUOR,LIQUOR,,12.01,355,5,,,0.6,CANADA,BRITISH COLUMBIA
771614,MIKE'S HARD GRAPEFRUIT 6PK CANS,RTD CANADA INC.,COOLER,LIQUOR,LIQUOR,,12.01,355,5,,,0.6,CANADA,BRITISH COLUMBIA
771612,MIKE'S HARD ICE TEA & LEMONADE,RTD CANADA INC.,COOLER,LIQUOR,LIQUOR,,12.01,355,5,,,0.6,CANADA,BRITISH COLUMBIA
755990,MIKE'S HARD LEMONADE,RTD CANADA INC.,COOLER,LIQUOR,LIQUOR,,12.01,355,5,,,0.6,CANADA,BRITISH COLUMBIA
759209,MIKE'S HARD LEMONADE (5%),RTD CANADA INC.,COOLER,LIQUOR,LIQUOR,,28.78,355,5,,,1.5,CANADA,BRITISH COLUMBIA
790172,MIKE'S HARD ORANGE CREAM SODA,RTD CANADA INC.,COOLER,OTH FERMNTD BEV,OTHER,,12.31,355,5.5,,,0.6,CANADA,QUEBEC
781602,MIKE'S HARD ROOT BEER,RTD CANADA INC.,COOLER,OTH FERMNTD BEV,OTHER,,12.31,355,5.5,,,0.6,CANADA,QUEBEC
790522,MIKE'S HARD SODA MIXER PACK,RTD CANADA INC.,COOLER,OTH FERMNTD BEV,OTHER,,23.59,355,5.5,,,1.2,CANADA,QUEBEC
779810,MIKE'S HARD STRAWBERRY FROZEN POUCH,RTD CANADA INC.,COOLER,LIQUOR,LIQUOR,,3.15,296,5,,,0.1,UNITED STATES,WISCONSIN
779749,MIKE'S HARD STRAWBERRY LEMONADE,RTD CANADA INC.,COOLER,LIQUOR,LIQUOR,,12.01,355,5,,,0.6,CANADA,BRITISH COLUMBIA
714230,MIKE'S LIME,RTD CANADA INC.,COOLER,LIQUOR,LIQUOR,,9.16,330,5,,,0.4,CANADA,BRITISH COLUMBIA
780597,MIKE'S VARIETY 24 PACK WITH STRAWBERRY,RTD CANADA INC.,COOLER,LIQUOR,LIQUOR,,42.29,355,5,,,2.4,CANADA,BRITISH COLUMBIA
743271,MIKE'S VARIETY PACK,RTD CANADA INC.,COOLER,LIQUOR,LIQUOR,,25.29,330,6,,,1.2,CANADA,BRITISH COLUMBIA
780719,MIKES'S VARIETY 12 PACK WITH STRAWBERRY,RTD CANADA INC.,COOLER,LIQUOR,LIQUOR,,22.99,355,5,,,1.2,CANADA,BRITISH COLUMBIA
785445,MIX A RITA APPLE-AH-RITA MIXED PACK,LABATT ALBERTA BREWERY,COOLER,OTH FERMNTD BEV,OTHER,,18.42,236,6,,,1.2,CANADA,QUEBEC
790988,MIX A RITA CHERRY-RITA MIXED PACK,LABATT ALBERTA BREWERY,COOLER,OTH FERMNTD BEV,OTHER,,18.42,236,6,,,1.2,CANADA,QUEBEC
750205,MOJO SHOT BLUE LAGOOON,KIRKWOOD DIAMOND CANADA,COOLER,OTH FERMNTD BEV,OTHER,,4.98,750,11.9,,,0.1,CANADA,QUEBEC
774187,MOJO SHOT MELON BALL,KIRKWOOD DIAMOND CANADA,COOLER,OTH FERMNTD BEV,OTHER,,4.98,750,11.9,,,0.1,CANADA,QUEBEC
772659,MONCIGALE FRUITS & WINE 'WHITE SANGRIA',GLAZER'S OF CANADA  LLC,COOLER,WINE,WINE,,12,750,8.5,,,0.1,FRANCE,OTHER (FRENCH)
772661,MONCIGALE FRUITS & WINE'GRAPEFRUIT ROSE',GLAZER'S OF CANADA  LLC,COOLER,WINE,WINE,,3.84,750,7,,,0.1,FRANCE,OTHER (FRENCH)
773419,MONSOON GINGER LIME ZEST,NORTHAM BEVERAGES,COOLER,LIQUOR,LIQUOR,,9.07,355,5,,,0.6,CANADA,BRITISH COLUMBIA
750935,MONSOON PAPAYA TANGERINE SPLASH,NORTHAM BEVERAGES,COOLER,LIQUOR,LIQUOR,,9.07,355,5,,,0.6,CANADA,BRITISH COLUMBIA
569400,MOTT'S CLAMATO CAESAR EXTRA SPICY,APPELLATION WINE MARKETING LTD.,COOLER,LIQUOR,LIQUOR,,8.87,355,5.5,,,0.4,CANADA,ONTARIO
627513,MOTT'S CLAMATO CAESAR EXTRA SPICY,APPELLATION WINE MARKETING LTD.,COOLER,LIQUOR,LIQUOR,,27.61,355,5.5,,,1.2,CANADA,ONTARIO
720601,MOTT'S CLAMATO CAESAR EXTRA SPICY (CANS),APPELLATION WINE MARKETING LTD.,COOLER,LIQUOR,LIQUOR,,13.08,341,5.5,,,0.6,UNITED STATES,NEW YORK
770589,MOTT'S CLAMATO CAESAR EXTREME,APPELLATION WINE MARKETING LTD.,COOLER,LIQUOR,LIQUOR,,2.64,458,5.5,,,0.1,UNITED STATES,NEW YORK
848630,MOTT'S CLAMATO CAESAR LIME,APPELLATION WINE MARKETING LTD.,COOLER,LIQUOR,LIQUOR,,2.64,458,5.5,,,0.1,UNITED STATES,NEW YORK
569418,MOTT'S CLAMATO CAESAR ORIGINAL,APPELLATION WINE MARKETING LTD.,COOLER,LIQUOR,LIQUOR,,8.87,355,5.5,,,0.4,CANADA,ONTARIO
627257,MOTT'S CLAMATO CAESAR ORIGINAL,APPELLATION WINE MARKETING LTD.,COOLER,LIQUOR,LIQUOR,,27.61,355,5.5,,,1.2,CANADA,ONTARIO
720602,MOTT'S CLAMATO CAESAR ORIGINAL (CANS),APPELLATION WINE MARKETING LTD.,COOLER,LIQUOR,LIQUOR,,13.08,341,5.5,,,0.6,UNITED STATES,NEW YORK
787689,MOTT'S CLAMATO CAESAR PICKLED BEAN,APPELLATION WINE MARKETING LTD.,COOLER,LIQUOR,LIQUOR,,2.64,458,5.5,,,0.1,UNITED STATES,NEW YORK
799944,MOTT'S CLAMATO THE WORKS CAESAR,APPELLATION WINE MARKETING LTD.,COOLER,LIQUOR,LIQUOR,,2.64,458,5.5,,,0.1,UNITED STATES,NEW YORK
754026,MOTT'S EXTRA SPICY CLAMATO CAESAR,APPELLATION WINE MARKETING LTD.,COOLER,LIQUOR,LIQUOR,,2.64,458,5.5,,,0.1,UNITED STATES,NEW YORK
754024,MOTT'S ORIGINAL CLAMATO CAESAR,APPELLATION WINE MARKETING LTD.,COOLER,LIQUOR,LIQUOR,,2.64,458,5.5,,,0.1,UNITED STATES,NEW YORK
799943,MR & MRS T'S BAHAMA MAMA,APPELLATION WINE MARKETING LTD.,COOLER,LIQUOR,LIQUOR,,2.64,473,5.5,,,0.1,UNITED STATES,NEW YORK
799942,MR & MRS T'S STRAWBERRY LIME DAIQUIRI,APPELLATION WINE MARKETING LTD.,COOLER,LIQUOR,LIQUOR,,2.64,473,5.5,,,0.1,UNITED STATES,NEW YORK
774374,MTL FRUIT CO - GRAPEFRUIT WINE BEVERAGE,PHILIPPE DANDURAND WINES LIMITED,COOLER,WINE,WINE,,6.86,750,5,,,0.1,CANADA,QUEBEC
774373,MTL FRUIT CO - LYCHEE,PHILIPPE DANDURAND WINES LIMITED,COOLER,WINE,WINE,,6.86,750,5,,,0.1,CANADA,QUEBEC
774369,MTL FRUIT CO - PEACH WINE BEVERAGE,PHILIPPE DANDURAND WINES LIMITED,COOLER,WINE,WINE,,6.86,750,5,,,0.1,CANADA,QUEBEC
789885,MTL FRUIT CO - SANGRIA,PHILIPPE DANDURAND WINES LIMITED,COOLER,WINE,WINE,,6.86,750,5,,,0.1,CANADA,QUEBEC
795431,MTL FRUIT CO. - BLUEBERRY POMEGRANATE,PHILIPPE DANDURAND WINES LIMITED,COOLER,WINE,WINE,,6.86,750,5,,,0.1,CANADA,QUEBEC
751447,MUDSHAKE CHOCOLATE CANDY CANE,KIRKWOOD DIAMOND CANADA,COOLER,LIQUOR,LIQUOR,,10.38,270,5,,,0.4,NEW ZEALAND,
149211,MUDSHAKE EGGNOG,KIRKWOOD DIAMOND CANADA,COOLER,LIQUOR,LIQUOR,,10.38,270,5,,,0.4,NEW ZEALAND,
785519,MUDSHAKE TOASTED GINGERBREAD,KIRKWOOD DIAMOND CANADA,COOLER,LIQUOR,LIQUOR,,10.38,270,5,,,0.4,NEW ZEALAND,
752755,NAUGHTY COW,KIRKWOOD DIAMOND CANADA,COOLER,LIQUOR,LIQUOR,,15.41,750,15,,,0.1,NEW ZEALAND,
790704,NAVARRO LOPEZ SANGRIA LA FIESTA,WINE QUEST WINE & SPIRIT BROKERS INC.,COOLER,WINE,WINE,,7.74,750,7,,,0.1,SPAIN,OTHER (SPANISH)
788486,OAKHEART & GINGER,BACARDI CANADA INC.,COOLER,LIQUOR,LIQUOR,,2.55,473,7,,,0.1,CANADA,ONTARIO
790195,OKANAGAN APPLE CIDERS CRISP APPLE KEG,RTD CANADA INC.,COOLER,OTH FERMNTD BEV,OTHER,,99.12,20000,5,,,30,CANADA,BRITISH COLUMBIA
790565,OKANAGAN APPLE CIDERS GINGER APPLE,RTD CANADA INC.,COOLER,OTH FERMNTD BEV,OTHER,,8.49,2000,7,,,0.25,CANADA,BRITISH COLUMBIA
749517,OKANAGAN PREMIUM GINGER APPLE - CAN,RTD CANADA INC.,COOLER,OTH FERMNTD BEV,OTHER,,10.98,355,5,,,0.6,CANADA,BRITISH COLUMBIA
780342,ORIGINAL ICEBERG FLOAT FROZEN POUCHES,ALLEN BRANDS INC.,COOLER,LIQUOR,LIQUOR,,1.78,266,6.8,,,0.1,CANADA,BRITISH COLUMBIA
788108,OTB HARD CREAM SODA 473ML CAN,MCBSW SALES COMPANY INC.,COOLER,OTH FERMNTD BEV,OTHER,,2.23,473,5.5,,,0.1,UNITED STATES,WISCONSIN
780744,OTB HARD GRAPE 4X6X330ML BOTTLES,MCBSW SALES COMPANY INC.,COOLER,OTH FERMNTD BEV,OTHER,,11.49,330,5.5,,,0.6,UNITED STATES,WISCONSIN
780743,OTB HARD ROOT BEER 4X6X330ML BOTTLES,MCBSW SALES COMPANY INC.,COOLER,OTH FERMNTD BEV,OTHER,,11.49,330,5.5,,,0.6,UNITED STATES,WISCONSIN
771609,PALM BAY DRAGONFRUIT WATERMELON BREEZE,RTD CANADA INC.,COOLER,LIQUOR,LIQUOR,,9.39,355,5,,,0.6,CANADA,BRITISH COLUMBIA
779748,PALM BAY DRAGONFRUIT WATERMELON FROZEN,RTD CANADA INC.,COOLER,LIQUOR,LIQUOR,,3.15,296,5,,,0.1,UNITED STATES,WISCONSIN
766225,PALM BAY ESCAPE TO THE SUN 12PK - 4 FLAV,RTD CANADA INC.,COOLER,LIQUOR,LIQUOR,,20.95,355,5,,,1.2,CANADA,BRITISH COLUMBIA
780599,PALM BAY ICED TEA & SPRITZ VARIETY 24 PA,RTD CANADA INC.,COOLER,LIQUOR,LIQUOR,,38.5,355,5,,,2.4,CANADA,BRITISH COLUMBIA
771649,PALM BAY ICED TEA MANGO LEMON,RTD CANADA INC.,COOLER,LIQUOR,LIQUOR,,10.89,355,5,,,0.6,CANADA,BRITISH COLUMBIA
801214,PALM BAY ICED TEA ORANGE GUAVA,RTD CANADA INC.,COOLER,LIQUOR,LIQUOR,,10.89,355,5,,,0.6,CANADA,BRITISH COLUMBIA
771648,PALM BAY ICED TEA PINEAPPLE PEACH,RTD CANADA INC.,COOLER,LIQUOR,LIQUOR,,10.89,355,5,,,0.6,CANADA,BRITISH COLUMBIA
779747,PALM BAY ICED TEA RASPBERRY STARFRUIT,RTD CANADA INC.,COOLER,LIQUOR,LIQUOR,,10.89,355,5,,,0.6,CANADA,BRITISH COLUMBIA
790149,PALM BAY ICED TEA STRAWBERRY KIWI,RTD CANADA INC.,COOLER,LIQUOR,LIQUOR,,10.89,355,5,,,0.6,CANADA,BRITISH COLUMBIA
780594,PALM BAY ICED TEA VARIETY 12 PACK,RTD CANADA INC.,COOLER,LIQUOR,LIQUOR,,20.95,355,5,,,1.2,CANADA,BRITISH COLUMBIA
802171,PALM BAY ICED TEA VARIETY PACK 2018,RTD CANADA INC.,COOLER,LIQUOR,LIQUOR,,20.92,355,5,,,1.2,CANADA,BRITISH COLUMBIA
838706,PALM BAY KEY LIME CHERRY,RTD CANADA INC.,COOLER,LIQUOR,LIQUOR,,10.89,355,5,,,0.6,CANADA,BRITISH COLUMBIA
764270,PALM BAY KEY LIME CHERRY FROZEN,RTD CANADA INC.,COOLER,LIQUOR,LIQUOR,,3.15,296,5,,,0.1,UNITED STATES,WISCONSIN
790155,PALM BAY MANGO PASSIONFRUIT,RTD CANADA INC.,COOLER,LIQUOR,LIQUOR,,10.89,355,5,,,0.6,CANADA,BRITISH COLUMBIA
764262,PALM BAY OCEAN PEACH POMELO,RTD CANADA INC.,COOLER,LIQUOR,LIQUOR,,10.89,355,5,,,0.6,CANADA,BRITISH COLUMBIA
65649,PALM BAY PINEAPPLE MANDARIN ORANGE,RTD CANADA INC.,COOLER,LIQUOR,LIQUOR,,10.89,355,5,,,0.6,CANADA,BRITISH COLUMBIA
790490,PALM BAY PINEAPPLE MANDARIN ORANGE,RTD CANADA INC.,COOLER,OTH FERMNTD BEV,OTHER,,49.85,341,5,,,2.4,CANADA,QUEBEC
779754,PALM BAY POMEGRANATE HIBISCUS,RTD CANADA INC.,COOLER,LIQUOR,LIQUOR,,9.39,355,5,,,0.6,CANADA,BRITISH COLUMBIA
843052,PALM BAY RUBY GRAPEFRUIT ROSE,RTD CANADA INC.,COOLER,LIQUOR,LIQUOR,,10.89,355,5,,,0.6,CANADA,BRITISH COLUMBIA
120733,PALM BAY STRAWBERRY PINEAPPLE,RTD CANADA INC.,COOLER,LIQUOR,LIQUOR,,10.89,355,5,,,0.6,CANADA,BRITISH COLUMBIA
790150,PALM BAY TROPICAL ICED TEA MIXER,RTD CANADA INC.,COOLER,LIQUOR,LIQUOR,,20.92,355,5,,,1.2,CANADA,BRITISH COLUMBIA
790978,PALM BAY VARIETY PACK 2017,RTD CANADA INC.,COOLER,LIQUOR,LIQUOR,,20.92,355,5,,,1.2,CANADA,BRITISH COLUMBIA
790152,PALM BAY VODKA SODA MANGO PINEAPPLE,RTD CANADA INC.,COOLER,LIQUOR,LIQUOR,,11.88,355,6,,,0.6,CANADA,QUEBEC
790151,PALM BAY VODKA SODA RASP/PASSIONFRUIT,RTD CANADA INC.,COOLER,LIQUOR,LIQUOR,,11.88,355,6,,,0.6,CANADA,ONTARIO
765138,PANAMA JACK COCKTAIL LONG ISLAND ICETEA,ANDREW PELLER LIMITED,COOLER,OTH FERMNTD BEV,OTH FERMNTD BEV,,9.98,750,12,,,0.1,CANADA,BRITISH COLUMBIA
381723,PANAMA JACK COCKTAILS - MARGARITA,ANDREW PELLER LIMITED,COOLER,OTH FERMNTD BEV,OTH FERMNTD BEV,,9.98,750,12,,,0.1,CANADA,BRITISH COLUMBIA
784883,PERISECCO APPLE STRUDEL,VINTAGE WEST - WINE MARKETING INC.,COOLER,WINE,WINE,,9.98,750,5.5,,,0.1,GERMANY,OTHER (GERMAN)
782326,PERISECCO CUCUMBER,VINTAGE WEST - WINE MARKETING INC.,COOLER,WINE,WINE,,10.98,750,5.5,,,0.1,GERMANY,OTHER (GERMAN)
782324,PERISECCO HUGO,VINTAGE WEST - WINE MARKETING INC.,COOLER,WINE,WINE,,9.98,750,5.5,,,0.1,GERMANY,OTHER (GERMAN)
782325,PERISECCO ICED MELON,VINTAGE WEST - WINE MARKETING INC.,COOLER,WINE,WINE,,9.98,750,5.5,,,0.1,GERMANY,OTHER (GERMAN)
791288,PERISECCO ICED MELON,VINTAGE WEST - WINE MARKETING INC.,COOLER,WINE,WINE,,4.48,200,5.5,,,0.1,GERMANY,OTHER (GERMAN)
792713,PFUNGSTADTER WEIZEN RADLER,SAVERIO SCHIRALLI AGENCIES LIMITED,COOLER,OTH FERMNTD BEV,OTHER,,1.62,500,2.7,,,0.1,GERMANY,OTHER (GERMAN)
754431,PHILLIPS CHOCOLATE RIPPLE SCHNAPPS,GLAZER'S OF CANADA  LLC,COOLER,LIQUOR,LIQUOR,,18.59,750,15,,,0.1,UNITED STATES,MINNESOTA
784423,POMPITA SANGRIA SUPERIOR BARCELONA,CHRISTOPHER STEWART WINE & SPIRITS INC.,COOLER,WINE,WINE,,5.44,750,5.5,,RED,0.1,SPAIN,VALENCIA
249763,POMPITA SANGRIA SUPERIOR MADRID,CHRISTOPHER STEWART WINE & SPIRITS INC.,COOLER,WINE,WINE,,5.44,750,5.5,,WHITE,0.1,SPAIN,VALENCIA
725513,POMTINI VODKA & POMEGRANATE COOLER,KIRKWOOD DIAMOND CANADA,COOLER,LIQUOR,LIQUOR,,3.95,330,5,,,0.4,UNITED KINGDOM,ENGLAND
789800,POP SHOPPE CREAM SODA,PURE GLOBAL IMPORTS INC.,COOLER,LIQUOR,LIQUOR,,2.99,473,7,,,0.1,CANADA,QUEBEC
789802,POP SHOPPE LIME RICKY,PURE GLOBAL IMPORTS INC.,COOLER,LIQUOR,LIQUOR,,2.99,473,7,,,0.1,CANADA,QUEBEC
542977,REV,BACARDI CANADA INC.,COOLER,LIQUOR,LIQUOR,,8.84,330,7,,,0.4,CANADA,ONTARIO
772335,REV,BACARDI CANADA INC.,COOLER,LIQUOR,LIQUOR,,2.88,473,7,,,0.1,CANADA,ONTARIO
57232,REVEREND NAT'S - HALLELUJAH HOPRICOT,UNTAPPED CRAFT IMPORTS,COOLER,OTH FERMNTD BEV,OTHER,,12.53,750,6.9,,,0.1,UNITED STATES,OREGON
783744,REVEREND NAT'S - HALLELUJAH HOPRICOT,UNTAPPED CRAFT IMPORTS,COOLER,OTH FERMNTD BEV,OTHER,,239.97,30000,6.9,,,0.25,UNITED STATES,OREGON
794957,REVEREND NAT'S - HALLELUJAH HOPRICOT,UNTAPPED CRAFT IMPORTS,COOLER,OTH FERMNTD BEV,OTHER,,8.62,500,6.7,,,0.1,UNITED STATES,OREGON
781828,RICE MAKGEOLLI - BANANA,COBEES ENTERPRISE LTD.,COOLER,OTH FERMNTD BEV,OTHER,,5.47,750,4,,,0.1,KOREA (REPUBLIC OF),
781829,RICE MAKGEOLLI - PEACH,COBEES ENTERPRISE LTD.,COOLER,OTH FERMNTD BEV,OTHER,,5.47,750,3,,,0.1,KOREA (REPUBLIC OF),
799667,RICE MAKKOLI - SSAL,COBEES ENTERPRISE LTD.,COOLER,OTH FERMNTD BEV,OTHER,,5.97,750,6,,,0.1,KOREA (REPUBLIC OF),
779752,ROCKSTAR + VODKA FRUIT PUNCH 473ML,RTD CANADA INC.,COOLER,LIQUOR,LIQUOR,,3.31,473,6.9,,,0.1,CANADA,BRITISH COLUMBIA
743257,ROCKSTAR ELECTRO,RTD CANADA INC.,COOLER,LIQUOR,LIQUOR,,3.31,473,6.9,,,0.1,CANADA,BRITISH COLUMBIA
735927,ROCKSTAR LIGHT,RTD CANADA INC.,COOLER,LIQUOR,LIQUOR,,3.31,473,6.9,,,0.1,CANADA,BRITISH COLUMBIA
735505,ROCKSTAR MANGO ORANGE,RTD CANADA INC.,COOLER,LIQUOR,LIQUOR,,3.31,473,6.9,,,0.1,CANADA,BRITISH COLUMBIA
735902,ROCKSTAR ORIGINAL,RTD CANADA INC.,COOLER,LIQUOR,LIQUOR,,3.31,473,6.9,,,0.1,CANADA,BRITISH COLUMBIA
743897,ROCKSTAR ORIGINAL 4 PACK,RTD CANADA INC.,COOLER,LIQUOR,LIQUOR,,10,355,6.9,,,0.4,CANADA,BRITISH COLUMBIA
771619,ROCKSTAR SUPERSOURS BLUE RASPBERRY,RTD CANADA INC.,COOLER,LIQUOR,LIQUOR,,3.31,473,6.9,,,0.1,CANADA,BRITISH COLUMBIA
759534,ROCKSTAR VODKA SUPER SOURS GREEN APPLE,RTD CANADA INC.,COOLER,LIQUOR,LIQUOR,,3.31,473,6.9,,,0.1,CANADA,BRITISH COLUMBIA
786280,ROCKSTAR WATERMELON FREEZE 473ML CANS,RTD CANADA INC.,COOLER,LIQUOR,LIQUOR,,3.31,473,6.9,,,0.1,CANADA,BRITISH COLUMBIA
781185,ROOT SELLERS PEDAL HARD GINGER BEER,LYNX SPIRITS & WINES CORP.,COOLER,OTH FERMNTD BEV,GINGER BEER,,12.03,473,5.3,,,0.4,UNITED STATES,MINNESOTA
781187,ROOT SELLERS ROW HARD ROOT BEER,LYNX SPIRITS & WINES CORP.,COOLER,OTH FERMNTD BEV,HERBAL BEER,,10.03,473,6.7,,,0.4,UNITED STATES,MINNESOTA
741988,ROYAL JAMAICAN GINGER BEER,UNITED DISTRIBUTORS,COOLER,OTH FERMNTD BEV,OTHER,,14.49,355,4.4,,,0.6,JAMAICA,
794489,SANDARA SANGRIA,KIRKWOOD DIAMOND CANADA,COOLER,WINE,WINE,,9.99,750,8,,,0.1,SPAIN,VALENCIA
783227,SANDARA WINE MOJITO,KIRKWOOD DIAMOND CANADA,COOLER,WINE,WINE,,6.99,750,8,,,0.1,SPAIN,VALENCIA
765190,SANGRIA LOLEA RED,CHRISTOPHER STEWART WINE & SPIRITS INC.,COOLER,WINE,WINE,,10.99,750,7,,RED,0.1,SPAIN,OTHER (SPANISH)
721835,SANGRIA-AROMAS DE TURIS,CELLAR STOCK IMPORTERS INC.,COOLER,WINE,WINE,,7.21,1000,7,,,0.1,SPAIN,VALENCIA
799940,SCHWEPPES BLOOD ORANGE & LIME COCKTAIL,APPELLATION WINE MARKETING LTD.,COOLER,LIQUOR,LIQUOR,,2.64,473,5,,,0.1,CANADA,ONTARIO
799941,SCHWEPPES BLUEBERRY ELDERBERRY COCKTAIL,APPELLATION WINE MARKETING LTD.,COOLER,LIQUOR,LIQUOR,,2.64,473,5,,,0.1,CANADA,ONTARIO
781277,SEAGRAM GREEN GRAPE COOLER,KIRKWOOD DIAMOND CANADA,COOLER,LIQUOR,LIQUOR,,4.95,341,5,,,0.4,CANADA,ONTARIO
776120,SEAGRAM LEMON LIME,KIRKWOOD DIAMOND CANADA,COOLER,OTH FERMNTD BEV,OTHER,,8.4,355,5,,,0.4,CANADA,ONTARIO
493957,SEAGRAM WILDBERRY 'EXTRA',KIRKWOOD DIAMOND CANADA,COOLER,LIQUOR,LIQUOR,,5.59,1000,6.9,,,0.1,CANADA,ONTARIO
739600,SEAGRAM WILDBERRY COOLER,KIRKWOOD DIAMOND CANADA,COOLER,LIQUOR,LIQUOR,,8.49,341,5,,,0.4,CANADA,ONTARIO
188920,SEAGRAM WILDBERRY VODKA,KIRKWOOD DIAMOND CANADA,COOLER,LIQUOR,LIQUOR,,5.59,1000,5,,,0.1,CANADA,ONTARIO
240663,SID MADE SOMETHING ELSE HARD ROOT BEER,49TH PARALLEL GROUP INC.,COOLER,LIQUOR,LIQUOR,,10.95,355,5,,,0.6,CANADA,BRITISH COLUMBIA
784952,SID MADE SOMETHING ELSE HARD RUBY MANDAR,49TH PARALLEL GROUP INC.,COOLER,LIQUOR,LIQUOR,,10.95,355,5,,,0.6,CANADA,BRITISH COLUMBIA
790321,SIDESHOW GRAPEFRUIT,NORTHAM BEVERAGES,COOLER,LIQUOR,LIQUOR,,8.95,355,5,,,0.6,CANADA,ALBERTA
790315,SIDESHOW LEMONADE,NORTHAM BEVERAGES,COOLER,LIQUOR,LIQUOR,,8.95,355,5,,,0.6,CANADA,ALBERTA
772263,SKINNYGRAPE SPRITZER BLUEBERRY POM,ANDREW PELLER LIMITED,COOLER,WINE,WINE,,8.4,330,4,,,0.4,CANADA,ONTARIO
772264,SKINNYGRAPE SPRITZER KEY LIME LEMONADE,ANDREW PELLER LIMITED,COOLER,WINE,WINE,,8.4,330,4,,,0.4,CANADA,ONTARIO
408823,SKINNYGRAPE SPRITZER PEACH MANGO,ANDREW PELLER LIMITED,COOLER,WINE,WINE,,8.4,330,4,,,0.4,CANADA,ONTARIO
779651,SKINNYGRAPE SPRITZER SANGRIA SIZZLER,ANDREW PELLER LIMITED,COOLER,WINE,WINE,,8.4,330,4,,,0.4,CANADA,ONTARIO
790767,SMAAK CASSIS SECCO,OASIS DISTRIBUTORS INC.,COOLER,WINE,WINE,,2.82,250,9.5,,,0.1,GERMANY,BADEN
296145,SMAAK FIRE SECCO,OASIS DISTRIBUTORS INC.,COOLER,WINE,WINE,,2.12,250,8,,,0.1,GERMANY,BADEN
739405,SMIRNOFF CLASSIC CAESAR,DIAGEO CANADA INC.,COOLER,LIQUOR,LIQUOR,,8.98,330,6,,,0.4,UNITED STATES,ILLINOIS
789630,SMIRNOFF ELECTRIC BERRY PET,DIAGEO CANADA INC.,COOLER,LIQUOR,LIQUOR,,2.25,473,5.5,,,0.1,CANADA,ONTARIO
779175,SMIRNOFF ELECTRIC BERRY RTD,DIAGEO CANADA INC.,COOLER,LIQUOR,LIQUOR,,4.29,355,5.5,,,0.4,CANADA,QUEBEC
779177,SMIRNOFF ELECTRIC CITRUS RTD,DIAGEO CANADA INC.,COOLER,LIQUOR,LIQUOR,,4.29,355,5.5,,,0.4,CANADA,QUEBEC
779176,SMIRNOFF ELECTRIC ORANGE RTD,DIAGEO CANADA INC.,COOLER,LIQUOR,LIQUOR,,4.29,355,5.5,,,0.4,CANADA,QUEBEC
789631,SMIRNOFF ELECTRIC WATERMELON PET,DIAGEO CANADA INC.,COOLER,LIQUOR,LIQUOR,,2.25,473,5.5,,,0.1,CANADA,ONTARIO
793984,SMIRNOFF ICE 12 PK W. BONUS 50ML,DIAGEO CANADA INC.,COOLER,LIQUOR,LIQUOR,,25.25,304.61538461538464,5,,,1.3,CANADA,ONTARIO
755969,SMIRNOFF ICE 12PK,DIAGEO CANADA INC.,COOLER,LIQUOR,LIQUOR,,25.4,330,5,,,1.2,CANADA,ONTARIO
755970,SMIRNOFF ICE 24 PK,DIAGEO CANADA INC.,COOLER,LIQUOR,LIQUOR,,49.88,330,5,,,2.4,CANADA,ONTARIO
755966,SMIRNOFF ICE 4PK,DIAGEO CANADA INC.,COOLER,LIQUOR,LIQUOR,,9,330,5,,,0.4,CANADA,ONTARIO
776478,SMIRNOFF ICE 6PK CAN,DIAGEO CANADA INC.,COOLER,LIQUOR,LIQUOR,,11.99,355,5,,,0.6,CANADA,QUEBEC
731668,SMIRNOFF ICE COOLER BAG,DIAGEO CANADA INC.,COOLER,LIQUOR,LIQUOR,,25.4,330,7,,,1.2,CANADA,QUEBEC
755979,SMIRNOFF ICE CRANBERRY LIME,DIAGEO CANADA INC.,COOLER,LIQUOR,LIQUOR,,9,330,5,,,0.4,CANADA,ONTARIO
788766,SMIRNOFF ICE GRAPEFRUIT,DIAGEO CANADA INC.,COOLER,LIQUOR,LIQUOR,,11.99,355,5,,,0.6,CANADA,QUEBEC
755976,SMIRNOFF ICE GREEN,DIAGEO CANADA INC.,COOLER,LIQUOR,LIQUOR,,8.99,330,5,,,0.4,CANADA,ONTARIO
788765,SMIRNOFF ICE GREEN APPLE,DIAGEO CANADA INC.,COOLER,LIQUOR,LIQUOR,,11.99,355,5,,,0.6,CANADA,QUEBEC
755974,SMIRNOFF ICE IL PET,DIAGEO CANADA INC.,COOLER,LIQUOR,LIQUOR,,6.09,1000,5,,,0.1,CANADA,ONTARIO
755972,SMIRNOFF ICE LIGHT 1L PET,DIAGEO CANADA INC.,COOLER,LIQUOR,LIQUOR,,6.09,1000,4,,,0.1,CANADA,ONTARIO
755968,SMIRNOFF ICE LIGHT 4PK,DIAGEO CANADA INC.,COOLER,LIQUOR,LIQUOR,,9,330,4,,,0.4,CANADA,ONTARIO
776483,SMIRNOFF ICE LIGHT BLACK CHERRY & SODA,DIAGEO CANADA INC.,COOLER,LIQUOR,LIQUOR,,9.04,355,4,,,0.4,CANADA,QUEBEC
776486,SMIRNOFF ICE LIGHT RASPBERRY & SODA,DIAGEO CANADA INC.,COOLER,LIQUOR,LIQUOR,,9.04,355,4,,,0.4,CANADA,QUEBEC
771505,SMIRNOFF ICE LIGHT WHITE PEACH & SODA CA,DIAGEO CANADA INC.,COOLER,LIQUOR,LIQUOR,,9.04,355,4,,,0.4,UNITED STATES,ILLINOIS
776484,SMIRNOFF ICE LIGHT WHITE PEACH & SODA CA,DIAGEO CANADA INC.,COOLER,LIQUOR,LIQUOR,,9.04,355,4,,,0.4,CANADA,QUEBEC
788764,SMIRNOFF ICE LIME,DIAGEO CANADA INC.,COOLER,LIQUOR,LIQUOR,,11.99,355,5,,,0.6,CANADA,QUEBEC
755980,SMIRNOFF ICE ORANGE SCREWDRIVER,DIAGEO CANADA INC.,COOLER,LIQUOR,LIQUOR,,8.96,330,5,,,0.4,CANADA,ONTARIO
788762,SMIRNOFF ICE ORANGE SCREWDRIVER,DIAGEO CANADA INC.,COOLER,LIQUOR,LIQUOR,,11.99,355,5,,,0.6,CANADA,QUEBEC
779547,SMIRNOFF ICE PARTY PACK,DIAGEO CANADA INC.,COOLER,LIQUOR,LIQUOR,,15.14,330,4.75,,,1.2,CANADA,ONTARIO
793238,SMIRNOFF ICE PARTY PACK CANS,DIAGEO CANADA INC.,COOLER,LIQUOR,LIQUOR,,22.99,355,5,,,1.2,CANADA,QUEBEC
762548,SMIRNOFF ICE PEACH BELLINI,DIAGEO CANADA INC.,COOLER,LIQUOR,LIQUOR,,8.99,330,5,,,0.4,CANADA,ONTARIO
788755,SMIRNOFF ICE PEACH BELLINI,DIAGEO CANADA INC.,COOLER,LIQUOR,LIQUOR,,11.99,355,5,,,0.6,CANADA,QUEBEC
788754,SMIRNOFF ICE PINEAPPLE,DIAGEO CANADA INC.,COOLER,LIQUOR,LIQUOR,,11.99,355,5,,,0.6,CANADA,QUEBEC
755975,SMIRNOFF ICE RASPBERRY,DIAGEO CANADA INC.,COOLER,LIQUOR,LIQUOR,,8.99,330,5,,,0.4,CANADA,ONTARIO
788753,SMIRNOFF ICE RASPBERRY,DIAGEO CANADA INC.,COOLER,LIQUOR,LIQUOR,,11.99,355,5,,,0.6,CANADA,QUEBEC
779162,SMIRNOFF ICE STRAWBERRY BELLINI,DIAGEO CANADA INC.,COOLER,LIQUOR,LIQUOR,,9,330,5,,,0.4,CANADA,ONTARIO
777960,SMIRNOFF ICE TALL CAN SINGLES,DIAGEO CANADA INC.,COOLER,LIQUOR,LIQUOR,,2.52,473,5,,,0.1,CANADA,QUEBEC
758538,SMIRNOFF ICE VII FRUIT PUNCH,DIAGEO CANADA INC.,COOLER,LIQUOR,LIQUOR,,2.52,473,7,,,0.1,UNITED STATES,ILLINOIS
776479,SMIRNOFF ICE VII FRUIT PUNCH,DIAGEO CANADA INC.,COOLER,LIQUOR,LIQUOR,,2.52,473,7,,,0.1,CANADA,QUEBEC
776480,SMIRNOFF ICE VII ORIGINAL,DIAGEO CANADA INC.,COOLER,LIQUOR,LIQUOR,,2.52,473,7,,,0.1,CANADA,QUEBEC
776481,SMIRNOFF ICE VII WATERMELON,DIAGEO CANADA INC.,COOLER,LIQUOR,LIQUOR,,2.52,473,7,,,0.1,CANADA,QUEBEC
771509,SMIRNOFF ICE WATERMELON MIMOSA,DIAGEO CANADA INC.,COOLER,LIQUOR,LIQUOR,,9,330,4,,,0.4,CANADA,ONTARIO
788752,SMIRNOFF RED SANGRIA,DIAGEO CANADA INC.,COOLER,LIQUOR,LIQUOR,,2.49,473,5,,,0.1,CANADA,QUEBEC
788751,SMIRNOFF WHITE SANGRIA,DIAGEO CANADA INC.,COOLER,LIQUOR,LIQUOR,,2.49,473,5,,,0.1,CANADA,QUEBEC
779063,SNAPPLE FUJI APPLE,APPELLATION WINE MARKETING LTD.,COOLER,LIQUOR,LIQUOR,,2.44,458,5.5,,,0.1,UNITED STATES,NEW YORK
83667,SNAPPLE RASPCHERRY,APPELLATION WINE MARKETING LTD.,COOLER,LIQUOR,LIQUOR,,2.64,458,5.5,,,0.1,UNITED STATES,NEW YORK
770590,SNAPPLE SPIKED PEACH TEA VODKA BEVERAGE,APPELLATION WINE MARKETING LTD.,COOLER,LIQUOR,LIQUOR,,2.64,458,5.5,,,0.1,UNITED STATES,NEW YORK
787695,SNAPPLE SPIKED PEACH TEA VODKA BEVERAGE,APPELLATION WINE MARKETING LTD.,COOLER,LIQUOR,LIQUOR,,11.99,341,5.5,,,0.6,UNITED STATES,NEW YORK
799919,SNAPPLE SPIKED TEA & LEMONADE,APPELLATION WINE MARKETING LTD.,COOLER,LIQUOR,LIQUOR,,2.64,458,5.5,,,0.1,UNITED STATES,NEW YORK
787690,SNAPPLE STRAWBERRY KIWI,APPELLATION WINE MARKETING LTD.,COOLER,LIQUOR,LIQUOR,,2.64,458,5.5,,,0.1,UNITED STATES,NEW YORK
782032,SOCIAL LITE - PINEAPPLE MANGO,DELF GROUP INC.,COOLER,LIQUOR,LIQUOR,,8.75,355,4,,,0.4,CANADA,ONTARIO
766671,SOCIAL LITE GINGER LIME,DELF GROUP INC.,COOLER,LIQUOR,LIQUOR,,8.75,355,4,,,0.4,CANADA,ONTARIO
800167,SOCIAL LITE GRAPEFRUIT POMELO,DELF GROUP INC.,COOLER,LIQUOR,LIQUOR,,8.75,355,4,,,0.4,CANADA,ONTARIO
766669,SOCIAL LITE LEMON CUCUMBER MINT,DELF GROUP INC.,COOLER,LIQUOR,LIQUOR,,8.75,355,4,,,0.4,CANADA,ONTARIO
766829,SUNSET COOL BERRY,HI-BRIDGE LIQUOR CONSULTING LTD.,COOLER,WINE,WINE,,5,750,5,,,0.1,MEXICO,
766827,SUNSET KIWI-STRAWBERRY,HI-BRIDGE LIQUOR CONSULTING LTD.,COOLER,WINE,WINE,,5,750,5,,,0.1,MEXICO,
766828,SUNSET PASSION BERRY,HI-BRIDGE LIQUOR CONSULTING LTD.,COOLER,WINE,WINE,,5,750,5,,,0.1,MEXICO,
766620,SUNSET PEACH,HI-BRIDGE LIQUOR CONSULTING LTD.,COOLER,WINE,WINE,,5,750,5,,,0.1,MEXICO,
794567,TAIL SPIN CRANBERRY CHILL,RTD CANADA INC.,COOLER,LIQUOR,LIQUOR,,12.01,355,6,,,0.6,CANADA,BRITISH COLUMBIA
794565,TAIL SPIN ICY LIME TWIST,RTD CANADA INC.,COOLER,LIQUOR,LIQUOR,,12.01,355,6,,,0.6,CANADA,BRITISH COLUMBIA
39487,TAIWAN BEER MANGO CAN,FOUNTANA BEVERAGE CORPORATION,COOLER,OTH FERMNTD BEV,OTHER,,1.96,330,2.8,,,0.1,TAIWAN,
780574,TANKER HARD ICED TEA,CENTRAL CITY BREWERS & DISTILLERS LTD.,COOLER,LIQUOR,LIQUOR,,21.6,355,5,,,1.2,CANADA,BRITISH COLUMBIA
898221,TANKER HARD ICED TEA,CENTRAL CITY BREWERS & DISTILLERS LTD.,COOLER,LIQUOR,LIQUOR,,11.02,355,5,,,0.6,CANADA,BRITISH COLUMBIA
766836,THE GINGER KID - GINGER BEER,PREMIUM WINE LIQUOR BEER IMPORTS,COOLER,OTH FERMNTD BEV,GINGER BEER,,18.15,330,4.5,,,0.6,AUSTRALIA,VICTORIA
788603,TRULY HARD SPARKLING WATER 4 FLAV COOLER,MOOSEHEAD BREWERIES LIMITED,COOLER,LIQUOR,LIQUOR,,26.19,355,5,,,1.2,UNITED STATES,PENNSYLVANIA
794211,TRULY HARD SPARKLING WATER 4 FLAV COOLER,MOOSEHEAD BREWERIES LIMITED,COOLER,LIQUOR,LIQUOR,,26.19,355,5,,,1.2,UNITED STATES,PENNSYLVANIA
780257,TWISTED LEMONADE,MOOSEHEAD BREWERIES LIMITED,COOLER,OTH FERMNTD BEV,OTHER,,24.02,355,5,,,1.2,UNITED STATES,PENNSYLVANIA
765052,TWISTED LEMONADE 6PK,MOOSEHEAD BREWERIES LIMITED,COOLER,OTH FERMNTD BEV,OTHER,,12.76,355,5,,,0.6,UNITED STATES,PENNSYLVANIA
780897,TWISTED TEA 5L BAG IN A BOX,MOOSEHEAD BREWERIES LIMITED,COOLER,OTH FERMNTD BEV,OTHER,,26.15,5000,5,,,0.25,UNITED STATES,PENNSYLVANIA
755723,TWISTED TEA HALF & HALF,MOOSEHEAD BREWERIES LIMITED,COOLER,OTH FERMNTD BEV,OTHER,,24.02,355,5,,,1.2,UNITED STATES,PENNSYLVANIA
755721,TWISTED TEA HALF & HALF (BOTTLES),MOOSEHEAD BREWERIES LIMITED,COOLER,OTH FERMNTD BEV,OTHER,,12.76,355,5,,,0.6,UNITED STATES,PENNSYLVANIA
911911,TWISTED TEA ORIGINAL 6 CANS,MOOSEHEAD BREWERIES LIMITED,COOLER,OTH FERMNTD BEV,OTHER,,12.82,355,5,,,0.6,UNITED STATES,PENNSYLVANIA
749685,TWISTED TEA ORIGINAL HARD ICED TEA,MOOSEHEAD BREWERIES LIMITED,COOLER,OTH FERMNTD BEV,OTHER,,1.75,355,5,,,0.1,UNITED STATES,PENNSYLVANIA
750232,TWISTED TEA ORIGINAL ICED TEA (BOTTLES),MOOSEHEAD BREWERIES LIMITED,COOLER,OTH FERMNTD BEV,OTHER,,12.76,355,5,,,0.6,UNITED STATES,PENNSYLVANIA
788577,TWISTED TEA ORIGINAL TALL CAN,MOOSEHEAD BREWERIES LIMITED,COOLER,LIQUOR,LIQUOR,,2.91,473,5,,,0.1,UNITED STATES,PENNSYLVANIA
788682,TWISTED TEA PARTY PACK 12 CAN,MOOSEHEAD BREWERIES LIMITED,COOLER,OTH FERMNTD BEV,OTHER,,24.02,355,5,,,1.2,UNITED STATES,PENNSYLVANIA
788581,TWISTED TEA RASPBERRY 6 CAN (DOM),MOOSEHEAD BREWERIES LIMITED,COOLER,OTH FERMNTD BEV,OTHER,,12.82,355,5,,,0.6,UNITED STATES,PENNSYLVANIA
795156,TWISTED TEA RASPBERRY 6 CAN (IMPORT),MOOSEHEAD BREWERIES LIMITED,COOLER,OTH FERMNTD BEV,OTHER,,12.82,355,5,,,0.6,UNITED STATES,PENNSYLVANIA
722687,TWISTED TEA-HARD ICED TEA,MOOSEHEAD BREWERIES LIMITED,COOLER,OTH FERMNTD BEV,OTHER,,24.02,355,5,,,1.2,UNITED STATES,PENNSYLVANIA
794389,VAMPIRE BLOODY MARY COCKTAIL,RIVER VALLEY BEVERAGE,COOLER,LIQUOR,LIQUOR,,4.99,355,9.9,,,0.1,UNITED STATES,CALIFORNIA
743588,VAMPT MIDNIGHT WARRIOR,PURE GLOBAL IMPORTS INC.,COOLER,OTH FERMNTD BEV,OTHER,,11.71,355,8,,,0.6,UNITED STATES,WISCONSIN
779185,VENOM BLACK CHERRY,APPELLATION WINE MARKETING LTD.,COOLER,LIQUOR,LIQUOR,,1.82,473,7,,,0.1,CANADA,ONTARIO
779184,VENOM CITRUS,APPELLATION WINE MARKETING LTD.,COOLER,LIQUOR,LIQUOR,,1.82,473,7,,,0.1,CANADA,ONTARIO
791824,VERSAY GRAPEFRUIT SANGRIA RTD KEG,VINOLUTION,COOLER,WINE,WINE,,165.54,15000,6.9,,,0.25,CANADA,QUEBEC
773172,VERSAY RED SANGRIA RTD KEG,VINOLUTION,COOLER,WINE,WINE,,205.13,20000,7,,,0.25,SPAIN,OTHER (SPANISH)
789300,VERSAY RED SANGRIA RTD KEG,VINOLUTION,COOLER,WINE,WINE,,165.54,15000,6.9,,,0.25,CANADA,QUEBEC
797737,VERSAY SANGRIA-MANGO/CRANBERRY,VINOLUTION,COOLER,WINE,WINE,,165.54,15000,6.9,,,0.25,CANADA,QUEBEC
773173,VERSAY WHITE SANGRIA RTD KEG,VINOLUTION,COOLER,WINE,WINE,,205.13,20000,7,,,0.25,SPAIN,OTHER (SPANISH)
789304,VERSAY WHITE SANGRIA RTD KEG,VINOLUTION,COOLER,WINE,WINE,,165.54,15000,7,,,0.25,CANADA,QUEBEC
794086,VESCENT,RTD CANADA INC.,COOLER,LIQUOR,LIQUOR,,12.01,355,3.5,,,0.6,CANADA,ONTARIO
743231,VEX ELECTRIC LEMONADE,VINCOR INTERNATIONAL INC.,COOLER,LIQUOR,LIQUOR,,5.59,1000,7,,,0.1,CANADA,BRITISH COLUMBIA
743874,VEX ELECTRIC LEMONADE,VINCOR INTERNATIONAL INC.,COOLER,LIQUOR,LIQUOR,,11.59,330,7,,,0.6,CANADA,BRITISH COLUMBIA
984864,VEX HARD KIWI MANGO LEMONADE,VINCOR INTERNATIONAL INC.,COOLER,LIQUOR,LIQUOR,,5.59,1000,7,,,0.1,CANADA,BRITISH COLUMBIA
985721,VEX HARD LEMONADE,VINCOR INTERNATIONAL INC.,COOLER,LIQUOR,LIQUOR,,5.59,1000,7,,,0.1,CANADA,ALBERTA
986976,VEX HARD STRAWBERRY PINEAPPLE LEMONADE,VINCOR INTERNATIONAL INC.,COOLER,LIQUOR,LIQUOR,,5.59,1000,7,,,0.1,CANADA,BRITISH COLUMBIA
743875,VEX KIWI MANGO,VINCOR INTERNATIONAL INC.,COOLER,LIQUOR,LIQUOR,,11.59,330,7,,,0.6,CANADA,BRITISH COLUMBIA
748869,VEX RASPBERRY LEMONADE,VINCOR INTERNATIONAL INC.,COOLER,LIQUOR,LIQUOR,,11.59,330,7,,,0.6,CANADA,BRITISH COLUMBIA
748871,VEX STRAWBERRY SMOOTHIE,VINCOR INTERNATIONAL INC.,COOLER,LIQUOR,LIQUOR,,11.59,330,7,,,0.6,CANADA,BRITISH COLUMBIA
1146295,VIVA DIVA MANGO MOSCATO,HI-BRIDGE LIQUOR CONSULTING LTD.,COOLER,WINE,WINE,,8.48,750,6,,,0.1,ITALY,OTHER (ITALY)
1146296,VIVA DIVA PEACH MOSCATO,HI-BRIDGE LIQUOR CONSULTING LTD.,COOLER,WINE,WINE,,8.48,750,6,,,0.1,ITALY,OTHER (ITALY)
1146297,VIVA DIVA PINA COLADA,HI-BRIDGE LIQUOR CONSULTING LTD.,COOLER,WINE,WINE,,8.48,750,6,,,0.1,ITALY,OTHER (ITALY)
739404,VODKA FX,KIRKWOOD DIAMOND CANADA,COOLER,LIQUOR,LIQUOR,,2.33,440,7,,,0.1,NEW ZEALAND,
722250,VODKA MUDSHAKE CAPPUCCINO,KIRKWOOD DIAMOND CANADA,COOLER,LIQUOR,LIQUOR,,10.36,270,5,,,0.4,NEW ZEALAND,
722248,VODKA MUDSHAKE CARAMEL,KIRKWOOD DIAMOND CANADA,COOLER,LIQUOR,LIQUOR,,10.41,270,5,,,0.4,NEW ZEALAND,
722247,VODKA MUDSHAKE CHOCOLATE,KIRKWOOD DIAMOND CANADA,COOLER,LIQUOR,LIQUOR,,10.41,270,5,,,0.4,NEW ZEALAND,
789720,VODKA MUDSHAKE ESPRESSO MARTINI,KIRKWOOD DIAMOND CANADA,COOLER,LIQUOR,LIQUOR,,10.41,270,5,,,0.4,NEW ZEALAND,
722251,VODKA MUDSHAKE FRENCH VANILLA,KIRKWOOD DIAMOND CANADA,COOLER,LIQUOR,LIQUOR,,10.41,270,5,,,0.4,NEW ZEALAND,
771341,VODKA MUDSHAKE ORANGE CREAM,KIRKWOOD DIAMOND CANADA,COOLER,LIQUOR,LIQUOR,,10.41,270,5,,,0.4,NEW ZEALAND,
136374,VODKA MUDSHAKE PINA COLADA,KIRKWOOD DIAMOND CANADA,COOLER,LIQUOR,LIQUOR,,10.41,270,5,,,0.4,NEW ZEALAND,
801157,VODKA MUDSHAKE ROOT BEER FLOAT,KIRKWOOD DIAMOND CANADA,COOLER,LIQUOR,LIQUOR,,10.41,270,5,,,0.4,NEW ZEALAND,
722252,VODKA MUDSHAKE STRAWBERRY,KIRKWOOD DIAMOND CANADA,COOLER,LIQUOR,LIQUOR,,10.41,270,5,,,0.4,NEW ZEALAND,
723345,VODKA MUDSHAKE TROPICAL BANANA,KIRKWOOD DIAMOND CANADA,COOLER,LIQUOR,LIQUOR,,10.41,270,5,,,0.4,NEW ZEALAND,
799829,WARSTEINER RADLER,STILE ENTERPRISES LTD.,COOLER,OTH FERMNTD BEV,OTHER,,2.29,500,2.5,,,0.1,GERMANY,OTHER (GERMAN)
764551,WATERLOO GRAPEFRUIT RADLER,KIRKWOOD DIAMOND CANADA,COOLER,OTH FERMNTD BEV,OTHER,,2.65,473,3.1,,,0.1,CANADA,ONTARIO
534164,WILD VINES BLACKBERRY MERLOT,E & J GALLO WINERY CANADA LTD.,COOLER,WINE,WINE,,5.99,750,6,,,0.1,UNITED STATES,CALIFORNIA
557561,WILD VINES BLACKBERRY MERLOT,E & J GALLO WINERY CANADA LTD.,COOLER,WINE,WINE,,7.99,1500,6,,,0.25,UNITED STATES,CALIFORNIA
557587,WILD VINES RASPBERRY ZINFANDEL,E & J GALLO WINERY CANADA LTD.,COOLER,WINE,WINE,,7.99,1500,6,,,0.25,UNITED STATES,CALIFORNIA
534156,WILD VINES STRAWBERRY WHITE ZINFANDEL,E & J GALLO WINERY CANADA LTD.,COOLER,WINE,WINE,,5.99,750,6,,,0.1,UNITED STATES,CALIFORNIA
557553,WILD VINES STRAWBERRY WHITE ZINFANDEL,E & J GALLO WINERY CANADA LTD.,COOLER,WINE,WINE,,7.99,1500,6,,,0.25,UNITED STATES,CALIFORNIA
742720,WILD VINES TROPICAL CHARDONNAY,E & J GALLO WINERY CANADA LTD.,COOLER,WINE,WINE,,5.99,750,6,,,0.1,UNITED STATES,CALIFORNIA
792949,WINEBEER,PURE GLOBAL IMPORTS INC.,COOLER,WINE,WINE,,3.97,250,9,,,0.1,CHILE,
764182,WOODY'S MANGO & PASSIONFRUIT,KIRKWOOD DIAMOND CANADA,COOLER,LIQUOR,LIQUOR,,3.95,330,5.3,,,0.4,UNITED KINGDOM,ENGLAND
713435,WOODY'S MEXICAN LIME,KIRKWOOD DIAMOND CANADA,COOLER,LIQUOR,LIQUOR,,3.95,330,5.3,,,0.4,UNITED KINGDOM,ENGLAND
711016,WOODY'S PINK GRAPEFRUIT,KIRKWOOD DIAMOND CANADA,COOLER,LIQUOR,LIQUOR,,5.94,330,5.3,,,0.4,UNITED KINGDOM,ENGLAND
784529,WOODY'S POMEGRANATE,RIVER VALLEY BEVERAGE,COOLER,WINE,WINE,,4.95,330,5.3,,,0.4,UNITED KINGDOM,ENGLAND
777405,XFOUR PERCY'S OLD FASHIONED LEMONADE COO,VONALBRECHT AND ASSOCIATES,COOLER,LIQUOR,LIQUOR,,9.22,355,7,,,0.4,CANADA,BRITISH COLUMBIA
794107,XFOUR PERCY'S PUNCH,VONALBRECHT AND ASSOCIATES,COOLER,LIQUOR,LIQUOR,,9.22,355,7,,,0.4,CANADA,BRITISH COLUMBIA
792028,ZEN KOMBUCHA 6 X 4 355ML,UNITED DISTRIBUTORS,COOLER,LIQUOR,LIQUOR,,7.83,355,5,,,0.4,CANADA,BRITISH COLUMBIA